id,move_id/id,account_id/id,balance,source_analytic_id/id,department_analytic_id/id,activity_analytic_id/id,fund_analytic_id/id,note
budget_move_line_1611_25a64299,dept_03_source_4_68,budget.budget_account_5104010285,50000,account_analytic_kmitl.source_4,account_analytic_kmitl.dept_03,account_analytic_kmitl.activity_09007010220211,account_analytic_kmitl.fund_0100,
budget_move_line_1613_395269c9,dept_03_source_4_68,budget.budget_account_5101010022,35000,account_analytic_kmitl.source_4,account_analytic_kmitl.dept_03,account_analytic_kmitl.activity_09007010220211,account_analytic_kmitl.fund_0100,
budget_move_line_1615_03c25042,dept_03_source_4_68,budget.budget_account_5101010004,0,account_analytic_kmitl.source_4,account_analytic_kmitl.dept_03,account_analytic_kmitl.activity_09007010220211,account_analytic_kmitl.fund_0400,"- ทดสอบหมายเหตุ 1\n- ทดสอบหมายเหตุ 2 \n- ทดสอบหมายเหตุ 3\n- ทดสอบหมายเหตุ 4"
budget_move_line_1617_99e94f88,dept_03_source_4_68,budget.budget_account_5101010012,75000,account_analytic_kmitl.source_4,account_analytic_kmitl.dept_03,account_analytic_kmitl.activity_09007010220211,account_analytic_kmitl.fund_0400,
budget_move_line_875_45a78cfc,dept_03020_source_2_68,budget.budget_account_5101020012,20000,account_analytic_kmitl.source_2,account_analytic_kmitl.dept_03020,account_analytic_kmitl.activity_09007010220211,account_analytic_kmitl.fund_0200,
budget_move_line_876_9183fb8c,dept_03020_source_2_68,budget.budget_account_5104010103,30000,account_analytic_kmitl.source_2,account_analytic_kmitl.dept_03020,account_analytic_kmitl.activity_09007010220211,account_analytic_kmitl.fund_0200,
budget_move_line_877_19c788c4,dept_03020_source_2_68,budget.budget_account_5101020013,490800,account_analytic_kmitl.source_2,account_analytic_kmitl.dept_03020,account_analytic_kmitl.activity_09007010220212,account_analytic_kmitl.fund_0200,
budget_move_line_878_2b62afc8,dept_03020_source_2_68,budget.budget_account_5101020018,250000,account_analytic_kmitl.source_2,account_analytic_kmitl.dept_03020,account_analytic_kmitl.activity_09007010220212,account_analytic_kmitl.fund_0200,
budget_move_line_879_d6b88a8f,dept_03020_source_2_68,budget.budget_account_5101020023,200000,account_analytic_kmitl.source_2,account_analytic_kmitl.dept_03020,account_analytic_kmitl.activity_09007010220212,account_analytic_kmitl.fund_0200,
budget_move_line_880_d9fb13e1,dept_03020_source_2_68,budget.budget_account_5101020020,50000,account_analytic_kmitl.source_2,account_analytic_kmitl.dept_03020,account_analytic_kmitl.activity_09007010220212,account_analytic_kmitl.fund_0200,
budget_move_line_881_cc4732e1,dept_03020_source_2_68,budget.budget_account_5103010000,100000,account_analytic_kmitl.source_2,account_analytic_kmitl.dept_03020,account_analytic_kmitl.activity_09007010220212,account_analytic_kmitl.fund_0200,
budget_move_line_882_43236939,dept_03020_source_2_68,budget.budget_account_5103020000,190300,account_analytic_kmitl.source_2,account_analytic_kmitl.dept_03020,account_analytic_kmitl.activity_09007010220212,account_analytic_kmitl.fund_0200,
budget_move_line_883_94c98570,dept_03020_source_2_68,budget.budget_account_5104010103,21400,account_analytic_kmitl.source_2,account_analytic_kmitl.dept_03020,account_analytic_kmitl.activity_09007010220212,account_analytic_kmitl.fund_0200,
budget_move_line_884_f0375d53,dept_03020_source_2_68,budget.budget_account_5104010204,20000,account_analytic_kmitl.source_2,account_analytic_kmitl.dept_03020,account_analytic_kmitl.activity_09007010220212,account_analytic_kmitl.fund_0600,
budget_move_line_841_d21d1fc6,dept_89380_source_2_68,budget.budget_account_5101010000,0,account_analytic_kmitl.source_2,account_analytic_kmitl.dept_89380,account_analytic_kmitl.activity_09007010110,account_analytic_kmitl.fund_0100,งบบุคลากร จัดสรรภาพรวมไว้ที่งบกลาง
budget_move_line_842_d1bd46ba,dept_89380_source_2_68,budget.budget_account_5101010010,10000,account_analytic_kmitl.source_2,account_analytic_kmitl.dept_89380,account_analytic_kmitl.activity_09007010110,account_analytic_kmitl.fund_0100,
budget_move_line_843_bb87feb7,dept_89380_source_2_68,budget.budget_account_5104030201,30000,account_analytic_kmitl.source_2,account_analytic_kmitl.dept_89380,account_analytic_kmitl.activity_09007010110,account_analytic_kmitl.fund_0100,
budget_move_line_844_fa4a875a,dept_89380_source_2_68,budget.budget_account_5104010202,20000,account_analytic_kmitl.source_2,account_analytic_kmitl.dept_89380,account_analytic_kmitl.activity_09007010110,account_analytic_kmitl.fund_0100,
budget_move_line_845_db64b6c3,dept_89380_source_2_68,budget.budget_account_5104010212,40000,account_analytic_kmitl.source_2,account_analytic_kmitl.dept_89380,account_analytic_kmitl.activity_09007010110,account_analytic_kmitl.fund_0100,
budget_move_line_846_2b7f0da3,dept_89380_source_2_68,budget.budget_account_5104010203,2000,account_analytic_kmitl.source_2,account_analytic_kmitl.dept_89380,account_analytic_kmitl.activity_09007010110,account_analytic_kmitl.fund_0100,
budget_move_line_847_ca8c7a13,dept_89380_source_2_68,budget.budget_account_5104010216,750000,account_analytic_kmitl.source_2,account_analytic_kmitl.dept_89380,account_analytic_kmitl.activity_09007010110,account_analytic_kmitl.fund_0100,
budget_move_line_848_012aab41,dept_89380_source_2_68,budget.budget_account_5103010000,10000,account_analytic_kmitl.source_2,account_analytic_kmitl.dept_89380,account_analytic_kmitl.activity_09007010110,account_analytic_kmitl.fund_0100,
budget_move_line_849_1b42d95d,dept_89380_source_2_68,budget.budget_account_5104010101,80000,account_analytic_kmitl.source_2,account_analytic_kmitl.dept_89380,account_analytic_kmitl.activity_09007010110,account_analytic_kmitl.fund_0100,
budget_move_line_850_20274ceb,dept_89380_source_2_68,budget.budget_account_5104010109,150000,account_analytic_kmitl.source_2,account_analytic_kmitl.dept_89380,account_analytic_kmitl.activity_09007010110,account_analytic_kmitl.fund_0100,
budget_move_line_851_6d827d83,dept_89380_source_2_68,budget.budget_account_5104020005,4000,account_analytic_kmitl.source_2,account_analytic_kmitl.dept_89380,account_analytic_kmitl.activity_09007010110,account_analytic_kmitl.fund_0100,
budget_move_line_852_3e0125a6,dept_89380_source_2_68,budget.budget_account_5104020099,4000,account_analytic_kmitl.source_2,account_analytic_kmitl.dept_89380,account_analytic_kmitl.activity_09007010110,account_analytic_kmitl.fund_0100,
budget_move_line_853_df45f9f0,dept_89380_source_2_68,budget.budget_account_5104010204,50000,account_analytic_kmitl.source_2,account_analytic_kmitl.dept_89380,account_analytic_kmitl.activity_09007010110,account_analytic_kmitl.fund_0600,
budget_move_line_833_7d5a98fa,dept_03040_source_2_68,budget.budget_account_5101020012,155600,account_analytic_kmitl.source_2,account_analytic_kmitl.dept_03040,account_analytic_kmitl.activity_09007010220211,account_analytic_kmitl.fund_0200,
budget_move_line_857_60cb648d,dept_03040_source_2_68,budget.budget_account_5101020018,40000,account_analytic_kmitl.source_2,account_analytic_kmitl.dept_03040,account_analytic_kmitl.activity_09007010220211,account_analytic_kmitl.fund_0200,
budget_move_line_858_c29c8500,dept_03040_source_2_68,budget.budget_account_5104010203,50600,account_analytic_kmitl.source_2,account_analytic_kmitl.dept_03040,account_analytic_kmitl.activity_09007010220211,account_analytic_kmitl.fund_0200,
budget_move_line_859_9980ee42,dept_03040_source_2_68,budget.budget_account_5103010000,250000,account_analytic_kmitl.source_2,account_analytic_kmitl.dept_03040,account_analytic_kmitl.activity_09007010220211,account_analytic_kmitl.fund_0200,
budget_move_line_860_1a551bad,dept_03040_source_2_68,budget.budget_account_5104010103,114800,account_analytic_kmitl.source_2,account_analytic_kmitl.dept_03040,account_analytic_kmitl.activity_09007010220211,account_analytic_kmitl.fund_0200,
budget_move_line_861_05bb766f,dept_03040_source_2_68,budget.budget_account_5104010204,110800,account_analytic_kmitl.source_2,account_analytic_kmitl.dept_03040,account_analytic_kmitl.activity_09007010220211,account_analytic_kmitl.fund_0600,
budget_move_line_862_19bb0677,dept_03040_source_2_68,budget.budget_account_5101020013,50000,account_analytic_kmitl.source_2,account_analytic_kmitl.dept_03040,account_analytic_kmitl.activity_09007010220212,account_analytic_kmitl.fund_0200,
budget_move_line_863_d78be529,dept_03040_source_2_68,budget.budget_account_5101020018,50000,account_analytic_kmitl.source_2,account_analytic_kmitl.dept_03040,account_analytic_kmitl.activity_09007010220212,account_analytic_kmitl.fund_0200,
budget_move_line_864_8040308a,dept_03040_source_2_68,budget.budget_account_5101020023,50000,account_analytic_kmitl.source_2,account_analytic_kmitl.dept_03040,account_analytic_kmitl.activity_09007010220212,account_analytic_kmitl.fund_0200,
budget_move_line_865_ef0de0de,dept_03040_source_2_68,budget.budget_account_5101020020,5000,account_analytic_kmitl.source_2,account_analytic_kmitl.dept_03040,account_analytic_kmitl.activity_09007010220212,account_analytic_kmitl.fund_0200,
budget_move_line_824_5f0062e3,dept_03150_source_2_68,budget.budget_account_5101020013,87200,account_analytic_kmitl.source_2,account_analytic_kmitl.dept_03150,account_analytic_kmitl.activity_09007010220212,account_analytic_kmitl.fund_0200,
budget_move_line_825_f5ea08b6,dept_03150_source_2_68,budget.budget_account_5101020018,306600,account_analytic_kmitl.source_2,account_analytic_kmitl.dept_03150,account_analytic_kmitl.activity_09007010220212,account_analytic_kmitl.fund_0200,
budget_move_line_826_5f546acd,dept_03150_source_2_68,budget.budget_account_5101020023,100000,account_analytic_kmitl.source_2,account_analytic_kmitl.dept_03150,account_analytic_kmitl.activity_09007010220212,account_analytic_kmitl.fund_0200,
budget_move_line_827_5ccb2312,dept_03150_source_2_68,budget.budget_account_5101020020,20000,account_analytic_kmitl.source_2,account_analytic_kmitl.dept_03150,account_analytic_kmitl.activity_09007010220212,account_analytic_kmitl.fund_0200,
budget_move_line_828_0016862a,dept_03150_source_2_68,budget.budget_account_5103010000,10000,account_analytic_kmitl.source_2,account_analytic_kmitl.dept_03150,account_analytic_kmitl.activity_09007010220212,account_analytic_kmitl.fund_0200,
budget_move_line_829_0644048d,dept_03150_source_2_68,budget.budget_account_5103020000,10000,account_analytic_kmitl.source_2,account_analytic_kmitl.dept_03150,account_analytic_kmitl.activity_09007010220212,account_analytic_kmitl.fund_0200,
budget_move_line_830_8b770483,dept_03150_source_2_68,budget.budget_account_5104010103,43500,account_analytic_kmitl.source_2,account_analytic_kmitl.dept_03150,account_analytic_kmitl.activity_09007010220212,account_analytic_kmitl.fund_0200,
budget_move_line_831_8a4cbc77,dept_03150_source_2_68,budget.budget_account_5104010204,15000,account_analytic_kmitl.source_2,account_analytic_kmitl.dept_03150,account_analytic_kmitl.activity_09007010220212,account_analytic_kmitl.fund_0600,
budget_move_line_773_f0307465,dept_03050_source_2_68,budget.budget_account_5101020012,516900,account_analytic_kmitl.source_2,account_analytic_kmitl.dept_03050,account_analytic_kmitl.activity_09007010220211,account_analytic_kmitl.fund_0200,
budget_move_line_774_ec40af0a,dept_03050_source_2_68,budget.budget_account_5101020018,282500,account_analytic_kmitl.source_2,account_analytic_kmitl.dept_03050,account_analytic_kmitl.activity_09007010220211,account_analytic_kmitl.fund_0200,
budget_move_line_775_19e6d13a,dept_03050_source_2_68,budget.budget_account_5103010000,146200,account_analytic_kmitl.source_2,account_analytic_kmitl.dept_03050,account_analytic_kmitl.activity_09007010220211,account_analytic_kmitl.fund_0200,
budget_move_line_776_1db09fc5,dept_03050_source_2_68,budget.budget_account_5104010103,187100,account_analytic_kmitl.source_2,account_analytic_kmitl.dept_03050,account_analytic_kmitl.activity_09007010220211,account_analytic_kmitl.fund_0200,
budget_move_line_777_def97ed6,dept_03050_source_2_68,budget.budget_account_5107030003,100000,account_analytic_kmitl.source_2,account_analytic_kmitl.dept_03050,account_analytic_kmitl.activity_09007010220211,account_analytic_kmitl.fund_0200,
budget_move_line_778_ca8eddae,dept_03050_source_2_68,budget.budget_account_5104010204,175000,account_analytic_kmitl.source_2,account_analytic_kmitl.dept_03050,account_analytic_kmitl.activity_09007010220211,account_analytic_kmitl.fund_0600,
budget_move_line_779_ef13b571,dept_03050_source_2_68,budget.budget_account_5101020013,20000,account_analytic_kmitl.source_2,account_analytic_kmitl.dept_03050,account_analytic_kmitl.activity_09007010220212,account_analytic_kmitl.fund_0200,
budget_move_line_780_89f61db6,dept_03050_source_2_68,budget.budget_account_5101020018,82500,account_analytic_kmitl.source_2,account_analytic_kmitl.dept_03050,account_analytic_kmitl.activity_09007010220212,account_analytic_kmitl.fund_0200,
budget_move_line_781_0d96f8a6,dept_03050_source_2_68,budget.budget_account_5101020023,85000,account_analytic_kmitl.source_2,account_analytic_kmitl.dept_03050,account_analytic_kmitl.activity_09007010220212,account_analytic_kmitl.fund_0200,
budget_move_line_782_c76ce206,dept_03050_source_2_68,budget.budget_account_5101020020,16500,account_analytic_kmitl.source_2,account_analytic_kmitl.dept_03050,account_analytic_kmitl.activity_09007010220212,account_analytic_kmitl.fund_0200,
budget_move_line_783_16d45e98,dept_03050_source_2_68,budget.budget_account_5103010000,3800,account_analytic_kmitl.source_2,account_analytic_kmitl.dept_03050,account_analytic_kmitl.activity_09007010220212,account_analytic_kmitl.fund_0200,
budget_move_line_784_a684a1d1,dept_03050_source_2_68,budget.budget_account_5104010103,22000,account_analytic_kmitl.source_2,account_analytic_kmitl.dept_03050,account_analytic_kmitl.activity_09007010220212,account_analytic_kmitl.fund_0200,
budget_move_line_760_3f93bee1,dept_89340_source_2_68,budget.budget_account_5101010000,0,account_analytic_kmitl.source_2,account_analytic_kmitl.dept_89340,account_analytic_kmitl.activity_09007010110,account_analytic_kmitl.fund_0100,งบบุคลากร จัดสรรภาพรวมไว้ที่งบกลาง
budget_move_line_761_601bb4b0,dept_89340_source_2_68,budget.budget_account_5104030201,170000,account_analytic_kmitl.source_2,account_analytic_kmitl.dept_89340,account_analytic_kmitl.activity_09007010110,account_analytic_kmitl.fund_0100,
budget_move_line_762_9d19a883,dept_89340_source_2_68,budget.budget_account_5104010202,150000,account_analytic_kmitl.source_2,account_analytic_kmitl.dept_89340,account_analytic_kmitl.activity_09007010110,account_analytic_kmitl.fund_0100,
budget_move_line_763_f6dce4a7,dept_89340_source_2_68,budget.budget_account_5103010000,10000,account_analytic_kmitl.source_2,account_analytic_kmitl.dept_89340,account_analytic_kmitl.activity_09007010110,account_analytic_kmitl.fund_0100,
budget_move_line_764_5ed0f5f0,dept_89340_source_2_68,budget.budget_account_5104010101,100000,account_analytic_kmitl.source_2,account_analytic_kmitl.dept_89340,account_analytic_kmitl.activity_09007010110,account_analytic_kmitl.fund_0100,
budget_move_line_765_296f3c49,dept_89340_source_2_68,budget.budget_account_5104010109,40000,account_analytic_kmitl.source_2,account_analytic_kmitl.dept_89340,account_analytic_kmitl.activity_09007010110,account_analytic_kmitl.fund_0100,
budget_move_line_766_1b16c1cc,dept_89340_source_2_68,budget.budget_account_5104010204,30000,account_analytic_kmitl.source_2,account_analytic_kmitl.dept_89340,account_analytic_kmitl.activity_09007010110,account_analytic_kmitl.fund_0600,
budget_move_line_740_496ba0b8,dept_03140_source_2_68,budget.budget_account_5101020012,2097600,account_analytic_kmitl.source_2,account_analytic_kmitl.dept_03140,account_analytic_kmitl.activity_09007010220211,account_analytic_kmitl.fund_0200,
budget_move_line_741_b034bf7c,dept_03140_source_2_68,budget.budget_account_5101020018,199800,account_analytic_kmitl.source_2,account_analytic_kmitl.dept_03140,account_analytic_kmitl.activity_09007010220211,account_analytic_kmitl.fund_0200,
budget_move_line_742_a0206773,dept_03140_source_2_68,budget.budget_account_5103010000,527300,account_analytic_kmitl.source_2,account_analytic_kmitl.dept_03140,account_analytic_kmitl.activity_09007010220211,account_analytic_kmitl.fund_0200,
budget_move_line_743_3e5a8de2,dept_03140_source_2_68,budget.budget_account_5104010103,400000,account_analytic_kmitl.source_2,account_analytic_kmitl.dept_03140,account_analytic_kmitl.activity_09007010220211,account_analytic_kmitl.fund_0200,
budget_move_line_744_a12967cb,dept_03140_source_2_68,budget.budget_account_5104010204,110000,account_analytic_kmitl.source_2,account_analytic_kmitl.dept_03140,account_analytic_kmitl.activity_09007010220211,account_analytic_kmitl.fund_0600,
budget_move_line_745_1e0af8f5,dept_03140_source_2_68,budget.budget_account_5101020013,183300,account_analytic_kmitl.source_2,account_analytic_kmitl.dept_03140,account_analytic_kmitl.activity_09007010220212,account_analytic_kmitl.fund_0200,
budget_move_line_746_64b55f3d,dept_03140_source_2_68,budget.budget_account_5101020018,147000,account_analytic_kmitl.source_2,account_analytic_kmitl.dept_03140,account_analytic_kmitl.activity_09007010220212,account_analytic_kmitl.fund_0200,
budget_move_line_747_bcea22d5,dept_03140_source_2_68,budget.budget_account_5101020023,32300,account_analytic_kmitl.source_2,account_analytic_kmitl.dept_03140,account_analytic_kmitl.activity_09007010220212,account_analytic_kmitl.fund_0200,
budget_move_line_748_df5fb542,dept_03140_source_2_68,budget.budget_account_5101020020,7000,account_analytic_kmitl.source_2,account_analytic_kmitl.dept_03140,account_analytic_kmitl.activity_09007010220212,account_analytic_kmitl.fund_0200,
budget_move_line_749_62c2eb89,dept_03140_source_2_68,budget.budget_account_5103010000,27000,account_analytic_kmitl.source_2,account_analytic_kmitl.dept_03140,account_analytic_kmitl.activity_09007010220212,account_analytic_kmitl.fund_0200,
budget_move_line_750_b7ce57f5,dept_03140_source_2_68,budget.budget_account_5104010103,75500,account_analytic_kmitl.source_2,account_analytic_kmitl.dept_03140,account_analytic_kmitl.activity_09007010220212,account_analytic_kmitl.fund_0200,
budget_move_line_655_31dff77a,dept_03070_source_2_68,budget.budget_account_5412000004,657000,account_analytic_kmitl.source_2,account_analytic_kmitl.dept_03070,account_analytic_kmitl.activity_09007010220211,account_analytic_kmitl.fund_0600,
budget_move_line_174_97d1b415,dept_09_source_2_68,budget.budget_account_5101010000,0,account_analytic_kmitl.source_2,account_analytic_kmitl.dept_09,account_analytic_kmitl.activity_09007010110,account_analytic_kmitl.fund_0100,งบบุคลากร จัดสรรภาพรวมไว้ที่งบกลาง
budget_move_line_175_ff04ee72,dept_09_source_2_68,budget.budget_account_5104010202,40000,account_analytic_kmitl.source_2,account_analytic_kmitl.dept_09,account_analytic_kmitl.activity_09007010110,account_analytic_kmitl.fund_0100,
budget_move_line_176_eae37c53,dept_09_source_2_68,budget.budget_account_5104010203,500000,account_analytic_kmitl.source_2,account_analytic_kmitl.dept_09,account_analytic_kmitl.activity_090070101,account_analytic_kmitl.fund_0100,
budget_move_line_177_95f44b46,dept_09_source_2_68,budget.budget_account_5104010201,35000,account_analytic_kmitl.source_2,account_analytic_kmitl.dept_09,account_analytic_kmitl.activity_090070101,account_analytic_kmitl.fund_0100,
budget_move_line_178_5b016593,dept_09_source_2_68,budget.budget_account_5104020005,5000,account_analytic_kmitl.source_2,account_analytic_kmitl.dept_09,account_analytic_kmitl.activity_090070101,account_analytic_kmitl.fund_0100,"ค่าบริการโทรศัพท์เคลื่อนที่รายเดือน 5,000 บาท"
budget_move_line_203_335d8bca,dept_09_source_2_68,budget.budget_account_5108000020,40000,account_analytic_kmitl.source_2,account_analytic_kmitl.dept_09,account_analytic_kmitl.activity_090070101,account_analytic_kmitl.fund_0100,"จัดงานวันขึ้นปีใหม่ สำนักบริหารข้อมูลดิจิทัลพระจอมเกล้าเจ้าคุณทหารลาดกระบัง 40,000 บาท"
budget_move_line_217_acc57ccd,dept_09_source_2_68,budget.budget_account_5101020037,10000,account_analytic_kmitl.source_2,account_analytic_kmitl.dept_09,account_analytic_kmitl.activity_09007010113,account_analytic_kmitl.fund_0100,
budget_move_line_218_5f0d8086,dept_09_source_2_68,budget.budget_account_5101010010,50000,account_analytic_kmitl.source_2,account_analytic_kmitl.dept_09,account_analytic_kmitl.activity_09007010113,account_analytic_kmitl.fund_0100,
budget_move_line_251_49033d09,dept_09_source_2_68,budget.budget_account_5104010291,200000,account_analytic_kmitl.source_2,account_analytic_kmitl.dept_09,account_analytic_kmitl.activity_09007010113,account_analytic_kmitl.fund_0100,"โครงการเช่าซื้อลิขสิทธิ์โปรแกรมอื่นๆ 200,000 บาท"
budget_move_line_252_d232fcaf,dept_09_source_2_68,budget.budget_account_5104010291,2450000,account_analytic_kmitl.source_2,account_analytic_kmitl.dept_09,account_analytic_kmitl.activity_09007010113,account_analytic_kmitl.fund_0100,"โครงการเช่าซื้อลิขสิทธิ์โปรแกรม Google Education plus (1 ปี) 2,450,000 บาท"
budget_move_line_253_0c5af783,dept_09_source_2_68,budget.budget_account_5104010291,2700000,account_analytic_kmitl.source_2,account_analytic_kmitl.dept_09,account_analytic_kmitl.activity_09007010113,account_analytic_kmitl.fund_0100,"โครงการเช่าซื้อลิขสิทธิ์โปรแกรม Microsoft Office 365 (1 ปี) 2,700,000 บาท"
budget_move_line_262_48cf5c02,dept_09_source_2_68,budget.budget_account_5104010109,200000,account_analytic_kmitl.source_2,account_analytic_kmitl.dept_09,account_analytic_kmitl.activity_09007010113,account_analytic_kmitl.fund_0100,
budget_move_line_263_59ee5568,dept_09_source_2_68,budget.budget_account_5104010104,40000,account_analytic_kmitl.source_2,account_analytic_kmitl.dept_09,account_analytic_kmitl.activity_09007010113,account_analytic_kmitl.fund_0100,
budget_move_line_264_49c48c15,dept_09_source_2_68,budget.budget_account_5104010101,100000,account_analytic_kmitl.source_2,account_analytic_kmitl.dept_09,account_analytic_kmitl.activity_09007010113,account_analytic_kmitl.fund_0100,
budget_move_line_362_ac22aed6,dept_09_source_2_68,budget.budget_account_5104010204,818600,account_analytic_kmitl.source_2,account_analytic_kmitl.dept_09,account_analytic_kmitl.activity_09007010113,account_analytic_kmitl.fund_0600,"ค่าซ่อมแซมบำรุงรักษาระบบสำนักงานอิเล็กทรอนิกส์ (e-Office) 818,600 บาท"
budget_move_line_363_11efb86a,dept_09_source_2_68,budget.budget_account_5104010204,8073600,account_analytic_kmitl.source_2,account_analytic_kmitl.dept_09,account_analytic_kmitl.activity_09007010113,account_analytic_kmitl.fund_0600,"ค่าซ่อมแซมและบำรุงรักษาครุภัณฑ์โครงสร้างพื้นฐานเครือข่ายหลักสถาบัน 8,073,600 บาท"
budget_move_line_364_74c06f30,dept_09_source_2_68,budget.budget_account_5104010204,2800000,account_analytic_kmitl.source_2,account_analytic_kmitl.dept_09,account_analytic_kmitl.activity_09007010113,account_analytic_kmitl.fund_0600,"ค่าซ่อมแซมและบำรุงรักษาครุภัณฑ์ 2,800,000 บาท"
budget_move_line_365_bfc0f8cb,dept_09_source_2_68,budget.budget_account_5412000003,350000,account_analytic_kmitl.source_2,account_analytic_kmitl.dept_09,account_analytic_kmitl.activity_09007010113,account_analytic_kmitl.fund_0600,"ค่าครุภัณฑ์คอมพิวเตอรื เครื่องคอมพิวเตอร์แม่ข่าย 350,000 บาท"
budget_move_line_366_76794c72,dept_09_source_2_68,budget.budget_account_5104010214,40000,account_analytic_kmitl.source_2,account_analytic_kmitl.dept_09,account_analytic_kmitl.activity_09007010116,account_analytic_kmitl.fund_0703,"โครงการประยุกต์ใช้เทคโนโลยีดิจิทัลในการปฏิบัติงาน ครั้งที่ 1\n(จำนวน 1 ครั้งๆ ละ 1 วัน จำนวน 30 คน เม.ย.68) 40,000 บาท"
budget_move_line_367_fc5fccf0,dept_09_source_2_68,budget.budget_account_5104010214,40000,account_analytic_kmitl.source_2,account_analytic_kmitl.dept_09,account_analytic_kmitl.activity_09007010116,account_analytic_kmitl.fund_0703,"โครงการประยุกต์ใช้เทคโนโลยีดิจิทัลในการปฏิบัติงาน ครั้งที่ 2\n(จำนวน 1 ครั้งๆ ละ 1 วัน จำนวน 30 คน พ.ค.68) 40,000 บาท"
budget_move_line_368_40b53c28,dept_09_source_2_68,budget.budget_account_5104010214,40000,account_analytic_kmitl.source_2,account_analytic_kmitl.dept_09,account_analytic_kmitl.activity_09007010116,account_analytic_kmitl.fund_0703,"โครงการประยุกต์ใช้เทคโนโลยีดิจิทัลในการปฏิบัติงาน ครั้งที่ 3\n(จำนวน 1 ครั้งๆ ละ 1 วัน จำนวน 30 คน มิ.ย.68) 40,000 บาท"
budget_move_line_369_6985b8a6,dept_09_source_2_68,budget.budget_account_5104010214,40000,account_analytic_kmitl.source_2,account_analytic_kmitl.dept_09,account_analytic_kmitl.activity_09007010116,account_analytic_kmitl.fund_0703,"โครงการประยุกต์ใช้เทคโนโลยีดิจิทัลในการปฏิบัติงาน ครั้งที่ 4\n(จำนวน 1 ครั้งๆ ละ 1 วัน จำนวน 30 คน ก.ค.68) 40,000 บาท"
budget_move_line_382_6cb86d97,dept_09_source_2_68,budget.budget_account_52000,0,account_analytic_kmitl.source_2,account_analytic_kmitl.dept_09,account_analytic_kmitl.activity_090070101,account_analytic_kmitl.fund_0100,
budget_move_line_510_28d71402,dept_09_source_2_68,budget.budget_account_5104010203,6493700,account_analytic_kmitl.source_2,account_analytic_kmitl.dept_09,account_analytic_kmitl.activity_09007010113,account_analytic_kmitl.fund_0100,
budget_move_line_104_d34e7cc1,budget_move_10_5cafbedb,budget.budget_account_5101010038,3758400,account_analytic_kmitl.source_2,account_analytic_kmitl.dept_03,account_analytic_kmitl.activity_09007010110,account_analytic_kmitl.fund_0100,
budget_move_line_105_076917a3,budget_move_10_5cafbedb,budget.budget_account_5101010017,4740000,account_analytic_kmitl.source_2,account_analytic_kmitl.dept_03,account_analytic_kmitl.activity_09007010110,account_analytic_kmitl.fund_0100,
budget_move_line_106_4824aed8,budget_move_10_5cafbedb,budget.budget_account_5101010004,2328000,account_analytic_kmitl.source_2,account_analytic_kmitl.dept_03,account_analytic_kmitl.activity_09007010110,account_analytic_kmitl.fund_0100,
budget_move_line_107_c25a360c,budget_move_10_5cafbedb,budget.budget_account_5101010039,108000,account_analytic_kmitl.source_2,account_analytic_kmitl.dept_03,account_analytic_kmitl.activity_09007010110,account_analytic_kmitl.fund_0100,
budget_move_line_108_31d5e554,budget_move_10_5cafbedb,budget.budget_account_5101020051,277100,account_analytic_kmitl.source_2,account_analytic_kmitl.dept_03,account_analytic_kmitl.activity_09007010110,account_analytic_kmitl.fund_0100,
budget_move_line_147_60bb43b9,budget_move_10_5cafbedb,budget.budget_account_5101010010,332500,account_analytic_kmitl.source_2,account_analytic_kmitl.dept_03,account_analytic_kmitl.activity_09007010110,account_analytic_kmitl.fund_0100,
budget_move_line_148_c3613fe6,budget_move_10_5cafbedb,budget.budget_account_5101020030,100000,account_analytic_kmitl.source_2,account_analytic_kmitl.dept_03,account_analytic_kmitl.activity_09007010110,account_analytic_kmitl.fund_0100,
budget_move_line_149_d2bc828a,budget_move_10_5cafbedb,budget.budget_account_5104030201,200000,account_analytic_kmitl.source_2,account_analytic_kmitl.dept_03,account_analytic_kmitl.activity_09007010110,account_analytic_kmitl.fund_0100,
budget_move_line_150_012fdb85,budget_move_10_5cafbedb,budget.budget_account_5104030201,0,account_analytic_kmitl.source_2,account_analytic_kmitl.dept_03,account_analytic_kmitl.activity_09007010110,account_analytic_kmitl.fund_0100,
budget_move_line_151_de0ab5a6,budget_move_10_5cafbedb,budget.budget_account_5104030201,0,account_analytic_kmitl.source_2,account_analytic_kmitl.dept_03,account_analytic_kmitl.activity_09007010110,account_analytic_kmitl.fund_0100,
budget_move_line_152_163a4a8f,budget_move_10_5cafbedb,budget.budget_account_5104010202,100000,account_analytic_kmitl.source_2,account_analytic_kmitl.dept_03,account_analytic_kmitl.activity_09007010110,account_analytic_kmitl.fund_0100,
budget_move_line_153_0ef458cd,budget_move_10_5cafbedb,budget.budget_account_5104010203,5152900,account_analytic_kmitl.source_2,account_analytic_kmitl.dept_03,account_analytic_kmitl.activity_09007010110,account_analytic_kmitl.fund_0100,
budget_move_line_154_9eecfbfe,budget_move_10_5cafbedb,budget.budget_account_5104010207,69000,account_analytic_kmitl.source_2,account_analytic_kmitl.dept_03,account_analytic_kmitl.activity_09007010110,account_analytic_kmitl.fund_0100,
budget_move_line_155_29e62c65,budget_move_10_5cafbedb,budget.budget_account_5104010208,200000,account_analytic_kmitl.source_2,account_analytic_kmitl.dept_03,account_analytic_kmitl.activity_09007010110,account_analytic_kmitl.fund_0100,
budget_move_line_186_46db5ea8,budget_move_10_5cafbedb,budget.budget_account_5104010210,48000,account_analytic_kmitl.source_2,account_analytic_kmitl.dept_03,account_analytic_kmitl.activity_09007010110,account_analytic_kmitl.fund_0100,
budget_move_line_228_9025d061,budget_move_10_5cafbedb,budget.budget_account_5104010211,50000,account_analytic_kmitl.source_2,account_analytic_kmitl.dept_03,account_analytic_kmitl.activity_09007010110,account_analytic_kmitl.fund_0100,
budget_move_line_229_a1fb5fb5,budget_move_10_5cafbedb,budget.budget_account_5104030203,100000,account_analytic_kmitl.source_2,account_analytic_kmitl.dept_03,account_analytic_kmitl.activity_09007010110,account_analytic_kmitl.fund_0100,
budget_move_line_230_6c24a6bf,budget_move_10_5cafbedb,budget.budget_account_5103010000,160000,account_analytic_kmitl.source_2,account_analytic_kmitl.dept_03,account_analytic_kmitl.activity_09007010110,account_analytic_kmitl.fund_0100,
budget_move_line_231_08e73bd4,budget_move_10_5cafbedb,budget.budget_account_5104010101,252000,account_analytic_kmitl.source_2,account_analytic_kmitl.dept_03,account_analytic_kmitl.activity_09007010110,account_analytic_kmitl.fund_0100,
budget_move_line_232_54589c0d,budget_move_10_5cafbedb,budget.budget_account_5104010102,88000,account_analytic_kmitl.source_2,account_analytic_kmitl.dept_03,account_analytic_kmitl.activity_09007010110,account_analytic_kmitl.fund_0100,
budget_move_line_233_b61118a2,budget_move_10_5cafbedb,budget.budget_account_5104010104,5000,account_analytic_kmitl.source_2,account_analytic_kmitl.dept_03,account_analytic_kmitl.activity_09007010110,account_analytic_kmitl.fund_0100,
budget_move_line_234_324097e8,budget_move_10_5cafbedb,budget.budget_account_5104010105,40600,account_analytic_kmitl.source_2,account_analytic_kmitl.dept_03,account_analytic_kmitl.activity_09007010110,account_analytic_kmitl.fund_0100,
budget_move_line_235_17823562,budget_move_10_5cafbedb,budget.budget_account_5104010112,50000,account_analytic_kmitl.source_2,account_analytic_kmitl.dept_03,account_analytic_kmitl.activity_09007010110,account_analytic_kmitl.fund_0100,
budget_move_line_236_a63f1c82,budget_move_10_5cafbedb,budget.budget_account_5104010109,160000,account_analytic_kmitl.source_2,account_analytic_kmitl.dept_03,account_analytic_kmitl.activity_09007010110,account_analytic_kmitl.fund_0100,
budget_move_line_237_9107754a,budget_move_10_5cafbedb,budget.budget_account_5104010111,61500,account_analytic_kmitl.source_2,account_analytic_kmitl.dept_03,account_analytic_kmitl.activity_09007010110,account_analytic_kmitl.fund_0100,
budget_move_line_239_0e0ddb57,budget_move_10_5cafbedb,budget.budget_account_5104010114,50000,account_analytic_kmitl.source_2,account_analytic_kmitl.dept_03,account_analytic_kmitl.activity_09007010110,account_analytic_kmitl.fund_0100,
budget_move_line_240_9af170c7,budget_move_10_5cafbedb,budget.budget_account_5104020001,6000000,account_analytic_kmitl.source_2,account_analytic_kmitl.dept_03,account_analytic_kmitl.activity_09007010110,account_analytic_kmitl.fund_0100,
budget_move_line_241_83c9cd5a,budget_move_10_5cafbedb,budget.budget_account_5104020003,245000,account_analytic_kmitl.source_2,account_analytic_kmitl.dept_03,account_analytic_kmitl.activity_09007010110,account_analytic_kmitl.fund_0100,
budget_move_line_242_b86e8054,budget_move_10_5cafbedb,budget.budget_account_5104020008,70000,account_analytic_kmitl.source_2,account_analytic_kmitl.dept_03,account_analytic_kmitl.activity_09007010110,account_analytic_kmitl.fund_0100,(รวมค่าธนาณัติ ค่าเช่าตู้ไปรษณีย์)
budget_move_line_247_497afc5a,budget_move_10_5cafbedb,budget.budget_account_5108000024,102000,account_analytic_kmitl.source_2,account_analytic_kmitl.dept_03,account_analytic_kmitl.activity_09007010110,account_analytic_kmitl.fund_0100,
budget_move_line_248_a4680963,budget_move_10_5cafbedb,budget.budget_account_5108000019,170000,account_analytic_kmitl.source_2,account_analytic_kmitl.dept_03,account_analytic_kmitl.activity_09007010110,account_analytic_kmitl.fund_0100,(มีโครงการรองรับ)
budget_move_line_249_82195c6d,budget_move_10_5cafbedb,budget.budget_account_5108000010,129000,account_analytic_kmitl.source_2,account_analytic_kmitl.dept_03,account_analytic_kmitl.activity_09007010110,account_analytic_kmitl.fund_0100,
budget_move_line_338_e5432652,budget_move_10_5cafbedb,budget.budget_account_5104010204,958100,account_analytic_kmitl.source_2,account_analytic_kmitl.dept_03,account_analytic_kmitl.activity_09007010110,account_analytic_kmitl.fund_0600,
budget_move_line_339_0f569566,budget_move_10_5cafbedb,budget.budget_account_5104010206,637200,account_analytic_kmitl.source_2,account_analytic_kmitl.dept_03,account_analytic_kmitl.activity_09007010110,account_analytic_kmitl.fund_0600,
budget_move_line_340_f42c6db1,budget_move_10_5cafbedb,budget.budget_account_5104010106,100000,account_analytic_kmitl.source_2,account_analytic_kmitl.dept_03,account_analytic_kmitl.activity_09007010110,account_analytic_kmitl.fund_0600,
budget_move_line_341_9f750c38,budget_move_10_5cafbedb,budget.budget_account_5411000004,4801000,account_analytic_kmitl.source_2,account_analytic_kmitl.dept_03,account_analytic_kmitl.activity_09007010110,account_analytic_kmitl.fund_0600,(ค่าดูแลและบำรุงรักษา  Ma ร้อยละ 10)
budget_move_line_342_ae99f6b9,budget_move_10_5cafbedb,budget.budget_account_0702000002,9275000,account_analytic_kmitl.source_2,account_analytic_kmitl.dept_03,account_analytic_kmitl.activity_09007010110,account_analytic_kmitl.fund_0702,(15%)
budget_move_line_343_2efb6f19,budget_move_10_5cafbedb,budget.budget_account_0702000001,4547900,account_analytic_kmitl.source_2,account_analytic_kmitl.dept_03,account_analytic_kmitl.activity_09007010110,account_analytic_kmitl.fund_0702,
budget_move_line_384_66e664de,budget_move_10_5cafbedb,budget.budget_account_5101010010,40000,account_analytic_kmitl.source_2,account_analytic_kmitl.dept_03,account_analytic_kmitl.activity_09007010111,account_analytic_kmitl.fund_0100,
budget_move_line_385_5f6cb723,budget_move_10_5cafbedb,budget.budget_account_5101020019,100000,account_analytic_kmitl.source_2,account_analytic_kmitl.dept_03,account_analytic_kmitl.activity_09007010111,account_analytic_kmitl.fund_0100,
budget_move_line_386_7a822469,budget_move_10_5cafbedb,budget.budget_account_5108000008,50000,account_analytic_kmitl.source_2,account_analytic_kmitl.dept_03,account_analytic_kmitl.activity_09007010111,account_analytic_kmitl.fund_0100,
budget_move_line_387_bc71f063,budget_move_10_5cafbedb,budget.budget_account_5108000009,20000,account_analytic_kmitl.source_2,account_analytic_kmitl.dept_03,account_analytic_kmitl.activity_09007010111,account_analytic_kmitl.fund_0100,
budget_move_line_388_e9e811eb,budget_move_10_5cafbedb,budget.budget_account_5108000037,100000,account_analytic_kmitl.source_2,account_analytic_kmitl.dept_03,account_analytic_kmitl.activity_09007010111,account_analytic_kmitl.fund_0100,
budget_move_line_463_fcc7f116,budget_move_10_5cafbedb,budget.budget_account_5101010010,50000,account_analytic_kmitl.source_2,account_analytic_kmitl.dept_03,account_analytic_kmitl.activity_09007010113,account_analytic_kmitl.fund_0100,
budget_move_line_464_0806c6d1,budget_move_10_5cafbedb,budget.budget_account_5104010109,70000,account_analytic_kmitl.source_2,account_analytic_kmitl.dept_03,account_analytic_kmitl.activity_09007010113,account_analytic_kmitl.fund_0100,
budget_move_line_465_c6710131,budget_move_10_5cafbedb,budget.budget_account_5107010022,40000,account_analytic_kmitl.source_2,account_analytic_kmitl.dept_03,account_analytic_kmitl.activity_09007010114,account_analytic_kmitl.fund_0200,
budget_move_line_466_6183c1b5,budget_move_10_5cafbedb,budget.budget_account_5101020037,40000,account_analytic_kmitl.source_2,account_analytic_kmitl.dept_03,account_analytic_kmitl.activity_09007010115,account_analytic_kmitl.fund_0500,
budget_move_line_525_5b4017d0,budget_move_10_5cafbedb,budget.budget_account_5108000018,0,account_analytic_kmitl.source_2,account_analytic_kmitl.dept_03,account_analytic_kmitl.activity_09007010115,account_analytic_kmitl.fund_0500,
budget_move_line_526_47cf4b7a,budget_move_10_5cafbedb,budget.budget_account_5108000018,50000,account_analytic_kmitl.source_2,account_analytic_kmitl.dept_03,account_analytic_kmitl.activity_09007010115,account_analytic_kmitl.fund_0500,
budget_move_line_527_5d6ca5b7,budget_move_10_5cafbedb,budget.budget_account_5108000023,871100,account_analytic_kmitl.source_2,account_analytic_kmitl.dept_03,account_analytic_kmitl.activity_09007010115,account_analytic_kmitl.fund_0500,
budget_move_line_528_82701393,budget_move_10_5cafbedb,budget.budget_account_5107010088,100000,account_analytic_kmitl.source_2,account_analytic_kmitl.dept_03,account_analytic_kmitl.activity_09007010115,account_analytic_kmitl.fund_0500,
budget_move_line_529_96019404,budget_move_10_5cafbedb,budget.budget_account_5101020014,100000,account_analytic_kmitl.source_2,account_analytic_kmitl.dept_03,account_analytic_kmitl.activity_09007010116,account_analytic_kmitl.fund_0703,
budget_move_line_530_6fefd4d3,budget_move_10_5cafbedb,budget.budget_account_5104010285,158800,account_analytic_kmitl.source_2,account_analytic_kmitl.dept_03,account_analytic_kmitl.activity_09007010116,account_analytic_kmitl.fund_0703,
budget_move_line_531_ca5f2bbc,budget_move_10_5cafbedb,budget.budget_account_5104010214,24500,account_analytic_kmitl.source_2,account_analytic_kmitl.dept_03,account_analytic_kmitl.activity_09007010116,account_analytic_kmitl.fund_0703,
budget_move_line_532_b506c0a3,budget_move_10_5cafbedb,budget.budget_account_5104030203,10000,account_analytic_kmitl.source_2,account_analytic_kmitl.dept_03,account_analytic_kmitl.activity_09007010116,account_analytic_kmitl.fund_0703,(ผู้ที่เดินทางไปต่างประเทศ)
budget_move_line_533_f7ab61ec,budget_move_10_5cafbedb,budget.budget_account_5102010000,200000,account_analytic_kmitl.source_2,account_analytic_kmitl.dept_03,account_analytic_kmitl.activity_09007010116,account_analytic_kmitl.fund_0703,
budget_move_line_534_dfddc440,budget_move_10_5cafbedb,budget.budget_account_5103010000,450000,account_analytic_kmitl.source_2,account_analytic_kmitl.dept_03,account_analytic_kmitl.activity_09007010116,account_analytic_kmitl.fund_0703,
budget_move_line_535_f6b63d1b,budget_move_10_5cafbedb,budget.budget_account_5103020000,50000,account_analytic_kmitl.source_2,account_analytic_kmitl.dept_03,account_analytic_kmitl.activity_09007010116,account_analytic_kmitl.fund_0703,
budget_move_line_536_a433b891,budget_move_10_5cafbedb,budget.budget_account_5107010021,400000,account_analytic_kmitl.source_2,account_analytic_kmitl.dept_03,account_analytic_kmitl.activity_09007010116,account_analytic_kmitl.fund_0703,
budget_move_line_539_dae6a6d5,budget_move_10_5cafbedb,budget.budget_account_5107010500,229800,account_analytic_kmitl.source_2,account_analytic_kmitl.dept_03,account_analytic_kmitl.activity_09007010116,account_analytic_kmitl.fund_0705,
budget_move_line_572_568410d5,budget_move_10_5cafbedb,budget.budget_account_5104010203,5000,account_analytic_kmitl.source_2,account_analytic_kmitl.dept_03,account_analytic_kmitl.activity_09007010117,account_analytic_kmitl.fund_0200,
budget_move_line_573_93fe3b0f,budget_move_10_5cafbedb,budget.budget_account_5104010102,15000,account_analytic_kmitl.source_2,account_analytic_kmitl.dept_03,account_analytic_kmitl.activity_09007010117,account_analytic_kmitl.fund_0200,
budget_move_line_574_4d8e115a,budget_move_10_5cafbedb,budget.budget_account_5104010101,3000,account_analytic_kmitl.source_2,account_analytic_kmitl.dept_03,account_analytic_kmitl.activity_09007010117,account_analytic_kmitl.fund_0200,
budget_move_line_575_dfd4d8de,budget_move_10_5cafbedb,budget.budget_account_5104010109,32000,account_analytic_kmitl.source_2,account_analytic_kmitl.dept_03,account_analytic_kmitl.activity_09007010117,account_analytic_kmitl.fund_0200,
budget_move_line_576_3943ce42,budget_move_10_5cafbedb,budget.budget_account_5104030201,100000,account_analytic_kmitl.source_2,account_analytic_kmitl.dept_03,account_analytic_kmitl.activity_09007010118,account_analytic_kmitl.fund_0200,
budget_move_line_577_517e35de,budget_move_10_5cafbedb,budget.budget_account_5104030101,15000,account_analytic_kmitl.source_2,account_analytic_kmitl.dept_03,account_analytic_kmitl.activity_09007010118,account_analytic_kmitl.fund_0200,
budget_move_line_578_db983aa2,budget_move_10_5cafbedb,budget.budget_account_5108000019,63800,account_analytic_kmitl.source_2,account_analytic_kmitl.dept_03,account_analytic_kmitl.activity_09007010118,account_analytic_kmitl.fund_0200,(มีโครงการรองรับ)
budget_move_line_579_eb9938a6,budget_move_10_5cafbedb,budget.budget_account_5101020104,10000,account_analytic_kmitl.source_2,account_analytic_kmitl.dept_03,account_analytic_kmitl.activity_09007010119,account_analytic_kmitl.fund_0200,
budget_move_line_580_f414dd57,budget_move_10_5cafbedb,budget.budget_account_5101020024,5000,account_analytic_kmitl.source_2,account_analytic_kmitl.dept_03,account_analytic_kmitl.activity_09007010119,account_analytic_kmitl.fund_0200,
budget_move_line_635_4d22e99d,budget_move_10_5cafbedb,budget.budget_account_5101010010,10000,account_analytic_kmitl.source_2,account_analytic_kmitl.dept_03,account_analytic_kmitl.activity_090100201,account_analytic_kmitl.fund_0400,
budget_move_line_636_f2a8fc33,budget_move_10_5cafbedb,budget.budget_account_5101020104,103500,account_analytic_kmitl.source_2,account_analytic_kmitl.dept_03,account_analytic_kmitl.activity_090100201,account_analytic_kmitl.fund_0400,
budget_move_line_637_c5a0ee85,budget_move_10_5cafbedb,budget.budget_account_5104010203,5000,account_analytic_kmitl.source_2,account_analytic_kmitl.dept_03,account_analytic_kmitl.activity_090100201,account_analytic_kmitl.fund_0400,
budget_move_line_638_d1059edb,budget_move_10_5cafbedb,budget.budget_account_5104010109,20000,account_analytic_kmitl.source_2,account_analytic_kmitl.dept_03,account_analytic_kmitl.activity_090100201,account_analytic_kmitl.fund_0400,
budget_move_line_639_412af5b7,budget_move_10_5cafbedb,budget.budget_account_5104010101,5000,account_analytic_kmitl.source_2,account_analytic_kmitl.dept_03,account_analytic_kmitl.activity_090100201,account_analytic_kmitl.fund_0400,
budget_move_line_640_ec1e550a,budget_move_10_5cafbedb,budget.budget_account_5107010092,1130000,account_analytic_kmitl.source_2,account_analytic_kmitl.dept_03,account_analytic_kmitl.activity_090100201,account_analytic_kmitl.fund_0400,
budget_move_line_641_2c2df662,budget_move_10_5cafbedb,budget.budget_account_5107010500,80000,account_analytic_kmitl.source_2,account_analytic_kmitl.dept_03,account_analytic_kmitl.activity_090100201,account_analytic_kmitl.fund_0705,
budget_move_line_642_2c3379c0,budget_move_10_5cafbedb,budget.budget_account_5107010202,800000,account_analytic_kmitl.source_2,account_analytic_kmitl.dept_03,account_analytic_kmitl.activity_060040401,account_analytic_kmitl.fund_0300,
budget_move_line_903_aa2be280,budget_move_10_5cafbedb,budget.budget_account_5104030209,1868000,account_analytic_kmitl.source_2,account_analytic_kmitl.dept_03,account_analytic_kmitl.activity_09007010110,account_analytic_kmitl.fund_0600,
budget_move_line_98_4d4f6808,budget_move_8_09ff6f88,budget.budget_account_5101010010,110000,account_analytic_kmitl.source_2,account_analytic_kmitl.dept_10,account_analytic_kmitl.activity_09007010110,account_analytic_kmitl.fund_0100,
budget_move_line_126_146a56c4,budget_move_8_09ff6f88,budget.budget_account_5104010291,5000,account_analytic_kmitl.source_2,account_analytic_kmitl.dept_10,account_analytic_kmitl.activity_09007010110,account_analytic_kmitl.fund_0100,
budget_move_line_127_2c02ea5b,budget_move_8_09ff6f88,budget.budget_account_5104030202,10000,account_analytic_kmitl.source_2,account_analytic_kmitl.dept_10,account_analytic_kmitl.activity_09007010110,account_analytic_kmitl.fund_0100,
budget_move_line_128_16db567e,budget_move_8_09ff6f88,budget.budget_account_5104010203,300000,account_analytic_kmitl.source_2,account_analytic_kmitl.dept_10,account_analytic_kmitl.activity_09007010110,account_analytic_kmitl.fund_0100,
budget_move_line_129_ae8a4983,budget_move_8_09ff6f88,budget.budget_account_5104010202,80000,account_analytic_kmitl.source_2,account_analytic_kmitl.dept_10,account_analytic_kmitl.activity_09007010110,account_analytic_kmitl.fund_0100,
budget_move_line_130_a198867b,budget_move_8_09ff6f88,budget.budget_account_5102010000,70000,account_analytic_kmitl.source_2,account_analytic_kmitl.dept_10,account_analytic_kmitl.activity_09007010110,account_analytic_kmitl.fund_0100,
budget_move_line_131_3c146693,budget_move_8_09ff6f88,budget.budget_account_5104030100,30000,account_analytic_kmitl.source_2,account_analytic_kmitl.dept_10,account_analytic_kmitl.activity_09007010110,account_analytic_kmitl.fund_0100,
budget_move_line_282_c6926fd2,budget_move_8_09ff6f88,budget.budget_account_5104010112,20000,account_analytic_kmitl.source_2,account_analytic_kmitl.dept_10,account_analytic_kmitl.activity_09007010110,account_analytic_kmitl.fund_0100,
budget_move_line_283_4fcc9e31,budget_move_8_09ff6f88,budget.budget_account_5104010114,45000,account_analytic_kmitl.source_2,account_analytic_kmitl.dept_10,account_analytic_kmitl.activity_09007010110,account_analytic_kmitl.fund_0100,
budget_move_line_284_85c93f13,budget_move_8_09ff6f88,budget.budget_account_5104010111,20000,account_analytic_kmitl.source_2,account_analytic_kmitl.dept_10,account_analytic_kmitl.activity_09007010110,account_analytic_kmitl.fund_0100,
budget_move_line_285_c33d3122,budget_move_8_09ff6f88,budget.budget_account_5104010109,80000,account_analytic_kmitl.source_2,account_analytic_kmitl.dept_10,account_analytic_kmitl.activity_09007010110,account_analytic_kmitl.fund_0100,
budget_move_line_286_8ffe12ca,budget_move_8_09ff6f88,budget.budget_account_5104010106,11200,account_analytic_kmitl.source_2,account_analytic_kmitl.dept_10,account_analytic_kmitl.activity_09007010110,account_analytic_kmitl.fund_0100,
budget_move_line_287_8ad097a7,budget_move_8_09ff6f88,budget.budget_account_5104010105,20000,account_analytic_kmitl.source_2,account_analytic_kmitl.dept_10,account_analytic_kmitl.activity_09007010110,account_analytic_kmitl.fund_0100,
budget_move_line_288_24d1244a,budget_move_8_09ff6f88,budget.budget_account_5104010102,30000,account_analytic_kmitl.source_2,account_analytic_kmitl.dept_10,account_analytic_kmitl.activity_09007010110,account_analytic_kmitl.fund_0100,
budget_move_line_289_5ebaeacb,budget_move_8_09ff6f88,budget.budget_account_5104010101,160000,account_analytic_kmitl.source_2,account_analytic_kmitl.dept_10,account_analytic_kmitl.activity_09007010110,account_analytic_kmitl.fund_0100,
budget_move_line_290_1fd2e77a,budget_move_8_09ff6f88,budget.budget_account_5104020008,25000,account_analytic_kmitl.source_2,account_analytic_kmitl.dept_10,account_analytic_kmitl.activity_09007010110,account_analytic_kmitl.fund_0100,
budget_move_line_291_df327173,budget_move_8_09ff6f88,budget.budget_account_5104020005,5000,account_analytic_kmitl.source_2,account_analytic_kmitl.dept_10,account_analytic_kmitl.activity_09007010110,account_analytic_kmitl.fund_0100,
budget_move_line_292_3f8bd1cb,budget_move_8_09ff6f88,budget.budget_account_5108000024,250000,account_analytic_kmitl.source_2,account_analytic_kmitl.dept_10,account_analytic_kmitl.activity_09007010110,account_analytic_kmitl.fund_0100,
budget_move_line_293_f524a20e,budget_move_8_09ff6f88,budget.budget_account_5108000020,310000,account_analytic_kmitl.source_2,account_analytic_kmitl.dept_10,account_analytic_kmitl.activity_09007010110,account_analytic_kmitl.fund_0100,"- ค่าใช้จ่ายในการจัดกิจกรรมส่งเสริมการเรียนรู้ตลอดชีวิต 110,000 บาท\n- ค่าใช้จ่ายในการจัดกรรมส่งเสริมการใช้บริการห้องสมุดดิจิทัล 100,000 บาท\n- ค่าใช้จ่ายในการจัดกิจกรรมวันสำคัญต่างๆ 100,000 บาท"
budget_move_line_314_28d4502f,budget_move_8_09ff6f88,budget.budget_account_5104010206,50000,account_analytic_kmitl.source_2,account_analytic_kmitl.dept_10,account_analytic_kmitl.activity_09007010110,account_analytic_kmitl.fund_0600,
budget_move_line_315_f9737ee3,budget_move_8_09ff6f88,budget.budget_account_5104010204,80000,account_analytic_kmitl.source_2,account_analytic_kmitl.dept_10,account_analytic_kmitl.activity_09007010110,account_analytic_kmitl.fund_0600,
budget_move_line_316_2699a756,budget_move_8_09ff6f88,budget.budget_account_5101010010,240000,account_analytic_kmitl.source_2,account_analytic_kmitl.dept_10,account_analytic_kmitl.activity_09007010112,account_analytic_kmitl.fund_0100,
budget_move_line_317_92d9cdb3,budget_move_8_09ff6f88,budget.budget_account_5104010203,15000,account_analytic_kmitl.source_2,account_analytic_kmitl.dept_10,account_analytic_kmitl.activity_09007010112,account_analytic_kmitl.fund_0100,
budget_move_line_357_96963ae1,budget_move_8_09ff6f88,budget.budget_account_5104010291,2287900,account_analytic_kmitl.source_2,account_analytic_kmitl.dept_10,account_analytic_kmitl.activity_09007010112,account_analytic_kmitl.fund_0100,"ค่าลิขสิทธิ์ ซอฟแวร์ 2,287,900 บาท\n- ค่าเช่าลิขสิทธิ์ ซอฟแวร์ สำเร็จรูป  License Software Turnitin 951,300 บาท\n- ค่าเช่าลิขสิทธิ์ ซอฟแวร์ สำเร็จรูป  License Software Open Athens 492,300 บาท\n- ค่าเช่าลิขสิทธิ์ ซอฟแวร์ สำเร็จรูป  License Software Grammarly 338,300 บาท\n- ค่าเช่าลิขสิทธิ์ ซอฟแวร์ สำเร็จรูป  License Software EndNote 506,000 บาท"
budget_move_line_358_27d291f0,budget_move_8_09ff6f88,budget.budget_account_5103010000,30000,account_analytic_kmitl.source_2,account_analytic_kmitl.dept_10,account_analytic_kmitl.activity_09007010112,account_analytic_kmitl.fund_0100,
budget_move_line_359_f0e4533e,budget_move_8_09ff6f88,budget.budget_account_5104010109,150000,account_analytic_kmitl.source_2,account_analytic_kmitl.dept_10,account_analytic_kmitl.activity_09007010112,account_analytic_kmitl.fund_0100,
budget_move_line_360_2c23bd3b,budget_move_8_09ff6f88,budget.budget_account_5104010110,230000,account_analytic_kmitl.source_2,account_analytic_kmitl.dept_10,account_analytic_kmitl.activity_09007010112,account_analytic_kmitl.fund_0100,
budget_move_line_441_1b453a53,budget_move_8_09ff6f88,budget.budget_account_5104010204,1267000,account_analytic_kmitl.source_2,account_analytic_kmitl.dept_10,account_analytic_kmitl.activity_09007010112,account_analytic_kmitl.fund_0600,"ค่าซ่อมแซมและบำรุงรักษาครุภัณฑ์ 1,267,000 บาท\n- ค่าซ่อมแซมและบำรุงรักษาครุภัณฑ์ 300,000 บาท\n- ค่าบำรุงรักษาระบบห้องสมุดอัตโนมัติ WALAI AutoLib 220,000 บาท\n- ค่าบำรุงรักษาเครื่องแม่ข่าย (Sever) ระบบห้องสมุด 257,000 บาท\n- ค่าบำรุงรักษาระบบบริหารจัดการวิทยานิพนธ์ (Ithesis) 160,000 บาท\n- ค่าบำรุงรักษาระบบสนับสนุนการจัดเก็บและการบริหาร (RFID) 330,000 บาท"
budget_move_line_442_5e573e6b,budget_move_8_09ff6f88,budget.budget_account_5104010214,90000,account_analytic_kmitl.source_2,account_analytic_kmitl.dept_10,account_analytic_kmitl.activity_09007010116,account_analytic_kmitl.fund_0703,"โครงการ/กิจกรรมฝึกอบรมของหน่วยงาน 90,000 บาท"
budget_move_line_443_adb6f7e2,budget_move_8_09ff6f88,budget.budget_account_5107010092,90000,account_analytic_kmitl.source_2,account_analytic_kmitl.dept_10,account_analytic_kmitl.activity_090100201,account_analytic_kmitl.fund_0400,"โครงการ/กิจกรรมบริการวิชาการ 90,000 บาท"
budget_move_line_444_cfd66742,budget_move_8_09ff6f88,budget.budget_account_5107010091,30000,account_analytic_kmitl.source_2,account_analytic_kmitl.dept_10,account_analytic_kmitl.activity_090110301,account_analytic_kmitl.fund_0701,"โครงการ/กิจกรรมทำนุบำรุงศิลปวัฒนธรรม 30,000 บาท"
budget_move_line_96_19b09360,budget_move_7_b2d06ca9,budget.budget_account_5101010040,202100,account_analytic_kmitl.source_2,account_analytic_kmitl.dept_41,account_analytic_kmitl.activity_09007010110,account_analytic_kmitl.fund_0100,
budget_move_line_118_e728b6e6,budget_move_7_b2d06ca9,budget.budget_account_5101010017,2543400,account_analytic_kmitl.source_2,account_analytic_kmitl.dept_41,account_analytic_kmitl.activity_09007010110,account_analytic_kmitl.fund_0100,
budget_move_line_119_42741446,budget_move_7_b2d06ca9,budget.budget_account_5101010038,3287400,account_analytic_kmitl.source_2,account_analytic_kmitl.dept_41,account_analytic_kmitl.activity_09007010110,account_analytic_kmitl.fund_0100,
budget_move_line_120_d1ffda1c,budget_move_7_b2d06ca9,budget.budget_account_5101010004,1545600,account_analytic_kmitl.source_2,account_analytic_kmitl.dept_41,account_analytic_kmitl.activity_09007010110,account_analytic_kmitl.fund_0100,
budget_move_line_121_21636fb0,budget_move_7_b2d06ca9,budget.budget_account_5101010039,132000,account_analytic_kmitl.source_2,account_analytic_kmitl.dept_41,account_analytic_kmitl.activity_09007010110,account_analytic_kmitl.fund_0100,
budget_move_line_122_6f70c20f,budget_move_7_b2d06ca9,budget.budget_account_5101020045,604000,account_analytic_kmitl.source_2,account_analytic_kmitl.dept_41,account_analytic_kmitl.activity_09007010110,account_analytic_kmitl.fund_0100,
budget_move_line_123_7f6a4708,budget_move_7_b2d06ca9,budget.budget_account_5101020051,192600,account_analytic_kmitl.source_2,account_analytic_kmitl.dept_41,account_analytic_kmitl.activity_09007010110,account_analytic_kmitl.fund_0100,
budget_move_line_124_746bda71,budget_move_7_b2d06ca9,budget.budget_account_5101030245,604000,account_analytic_kmitl.source_2,account_analytic_kmitl.dept_41,account_analytic_kmitl.activity_09007010110,account_analytic_kmitl.fund_0100,
budget_move_line_164_64bf7e6a,budget_move_7_b2d06ca9,budget.budget_account_5101010010,50000,account_analytic_kmitl.source_2,account_analytic_kmitl.dept_41,account_analytic_kmitl.activity_09007010110,account_analytic_kmitl.fund_0100,
budget_move_line_165_5b9661f7,budget_move_7_b2d06ca9,budget.budget_account_5104030201,50000,account_analytic_kmitl.source_2,account_analytic_kmitl.dept_41,account_analytic_kmitl.activity_09007010110,account_analytic_kmitl.fund_0100,
budget_move_line_166_3824d37f,budget_move_7_b2d06ca9,budget.budget_account_5101020014,50000,account_analytic_kmitl.source_2,account_analytic_kmitl.dept_41,account_analytic_kmitl.activity_09007010110,account_analytic_kmitl.fund_0100,
budget_move_line_209_e9a01aab,budget_move_7_b2d06ca9,budget.budget_account_5104010202,50000,account_analytic_kmitl.source_2,account_analytic_kmitl.dept_41,account_analytic_kmitl.activity_09007010110,account_analytic_kmitl.fund_0100,
budget_move_line_210_34b86199,budget_move_7_b2d06ca9,budget.budget_account_5104010203,1620000,account_analytic_kmitl.source_2,account_analytic_kmitl.dept_41,account_analytic_kmitl.activity_09007010110,account_analytic_kmitl.fund_0100,
budget_move_line_211_83104d65,budget_move_7_b2d06ca9,budget.budget_account_5104010208,250000,account_analytic_kmitl.source_2,account_analytic_kmitl.dept_41,account_analytic_kmitl.activity_09007010110,account_analytic_kmitl.fund_0100,
budget_move_line_212_a8649aab,budget_move_7_b2d06ca9,budget.budget_account_5104010201,20000,account_analytic_kmitl.source_2,account_analytic_kmitl.dept_41,account_analytic_kmitl.activity_09007010110,account_analytic_kmitl.fund_0100,
budget_move_line_213_afc34bed,budget_move_7_b2d06ca9,budget.budget_account_5104010211,20000,account_analytic_kmitl.source_2,account_analytic_kmitl.dept_41,account_analytic_kmitl.activity_09007010110,account_analytic_kmitl.fund_0100,
budget_move_line_214_9518ff45,budget_move_7_b2d06ca9,budget.budget_account_5104010210,25000,account_analytic_kmitl.source_2,account_analytic_kmitl.dept_41,account_analytic_kmitl.activity_09007010110,account_analytic_kmitl.fund_0100,
budget_move_line_268_84dedcdb,budget_move_7_b2d06ca9,budget.budget_account_5103010000,150000,account_analytic_kmitl.source_2,account_analytic_kmitl.dept_41,account_analytic_kmitl.activity_09007010110,account_analytic_kmitl.fund_0100,
budget_move_line_269_02bee47f,budget_move_7_b2d06ca9,budget.budget_account_5104010101,200000,account_analytic_kmitl.source_2,account_analytic_kmitl.dept_41,account_analytic_kmitl.activity_09007010110,account_analytic_kmitl.fund_0100,
budget_move_line_270_6b16faa3,budget_move_7_b2d06ca9,budget.budget_account_5104010102,100000,account_analytic_kmitl.source_2,account_analytic_kmitl.dept_41,account_analytic_kmitl.activity_09007010110,account_analytic_kmitl.fund_0100,
budget_move_line_271_4d903366,budget_move_7_b2d06ca9,budget.budget_account_5104010105,5000,account_analytic_kmitl.source_2,account_analytic_kmitl.dept_41,account_analytic_kmitl.activity_09007010110,account_analytic_kmitl.fund_0100,
budget_move_line_272_c06f505e,budget_move_7_b2d06ca9,budget.budget_account_5104010109,5000,account_analytic_kmitl.source_2,account_analytic_kmitl.dept_41,account_analytic_kmitl.activity_09007010110,account_analytic_kmitl.fund_0100,
budget_move_line_273_3ad4a8e8,budget_move_7_b2d06ca9,budget.budget_account_5104010111,3000,account_analytic_kmitl.source_2,account_analytic_kmitl.dept_41,account_analytic_kmitl.activity_09007010110,account_analytic_kmitl.fund_0100,
budget_move_line_274_cbaba91a,budget_move_7_b2d06ca9,budget.budget_account_5104020001,1200000,account_analytic_kmitl.source_2,account_analytic_kmitl.dept_41,account_analytic_kmitl.activity_09007010110,account_analytic_kmitl.fund_0100,
budget_move_line_275_e9950b68,budget_move_7_b2d06ca9,budget.budget_account_5104020003,100000,account_analytic_kmitl.source_2,account_analytic_kmitl.dept_41,account_analytic_kmitl.activity_09007010110,account_analytic_kmitl.fund_0100,
budget_move_line_276_00cfc747,budget_move_7_b2d06ca9,budget.budget_account_5104020008,20000,account_analytic_kmitl.source_2,account_analytic_kmitl.dept_41,account_analytic_kmitl.activity_09007010110,account_analytic_kmitl.fund_0100,
budget_move_line_277_6b3d1e68,budget_move_7_b2d06ca9,budget.budget_account_5108000006,100000,account_analytic_kmitl.source_2,account_analytic_kmitl.dept_41,account_analytic_kmitl.activity_09007010110,account_analytic_kmitl.fund_0100,
budget_move_line_278_76b81ef9,budget_move_7_b2d06ca9,budget.budget_account_5108000024,500000,account_analytic_kmitl.source_2,account_analytic_kmitl.dept_41,account_analytic_kmitl.activity_09007010110,account_analytic_kmitl.fund_0100,
budget_move_line_279_a5508456,budget_move_7_b2d06ca9,budget.budget_account_5108000010,100000,account_analytic_kmitl.source_2,account_analytic_kmitl.dept_41,account_analytic_kmitl.activity_09007010110,account_analytic_kmitl.fund_0100,
budget_move_line_280_031ea7b7,budget_move_7_b2d06ca9,budget.budget_account_5104010204,306200,account_analytic_kmitl.source_2,account_analytic_kmitl.dept_41,account_analytic_kmitl.activity_09007010110,account_analytic_kmitl.fund_0600,
budget_move_line_331_0880c678,budget_move_7_b2d06ca9,budget.budget_account_5104010206,300000,account_analytic_kmitl.source_2,account_analytic_kmitl.dept_41,account_analytic_kmitl.activity_09007010110,account_analytic_kmitl.fund_0600,
budget_move_line_332_e62589bf,budget_move_7_b2d06ca9,budget.budget_account_5411000004,2400000,account_analytic_kmitl.source_2,account_analytic_kmitl.dept_41,account_analytic_kmitl.activity_09007010110,account_analytic_kmitl.fund_0600,
budget_move_line_333_f0f25310,budget_move_7_b2d06ca9,budget.budget_account_0702000002,5363900,account_analytic_kmitl.source_2,account_analytic_kmitl.dept_41,account_analytic_kmitl.activity_09007010110,account_analytic_kmitl.fund_0702,
budget_move_line_334_66f03aa3,budget_move_7_b2d06ca9,budget.budget_account_0702000001,333900,account_analytic_kmitl.source_2,account_analytic_kmitl.dept_41,account_analytic_kmitl.activity_09007010110,account_analytic_kmitl.fund_0702,
budget_move_line_335_058f740e,budget_move_7_b2d06ca9,budget.budget_account_5101020019,150000,account_analytic_kmitl.source_2,account_analytic_kmitl.dept_41,account_analytic_kmitl.activity_09007010111,account_analytic_kmitl.fund_0100,
budget_move_line_336_c624c22b,budget_move_7_b2d06ca9,budget.budget_account_5101020020,50000,account_analytic_kmitl.source_2,account_analytic_kmitl.dept_41,account_analytic_kmitl.activity_09007010111,account_analytic_kmitl.fund_0100,
budget_move_line_349_83084426,budget_move_7_b2d06ca9,budget.budget_account_5108000008,0,account_analytic_kmitl.source_2,account_analytic_kmitl.dept_41,account_analytic_kmitl.activity_09007010111,account_analytic_kmitl.fund_0100,
budget_move_line_350_ce8610ad,budget_move_7_b2d06ca9,budget.budget_account_5108000008,150000,account_analytic_kmitl.source_2,account_analytic_kmitl.dept_41,account_analytic_kmitl.activity_09007010111,account_analytic_kmitl.fund_0100,
budget_move_line_351_364f6c01,budget_move_7_b2d06ca9,budget.budget_account_5108000009,20000,account_analytic_kmitl.source_2,account_analytic_kmitl.dept_41,account_analytic_kmitl.activity_09007010111,account_analytic_kmitl.fund_0100,
budget_move_line_352_01acaa01,budget_move_7_b2d06ca9,budget.budget_account_5107010022,318000,account_analytic_kmitl.source_2,account_analytic_kmitl.dept_41,account_analytic_kmitl.activity_09007010114,account_analytic_kmitl.fund_0200,
budget_move_line_353_a74d2aa9,budget_move_7_b2d06ca9,budget.budget_account_5101020037,20000,account_analytic_kmitl.source_2,account_analytic_kmitl.dept_41,account_analytic_kmitl.activity_09007010115,account_analytic_kmitl.fund_0500,
budget_move_line_392_df8f8b90,budget_move_7_b2d06ca9,budget.budget_account_5108000019,1971800,account_analytic_kmitl.source_2,account_analytic_kmitl.dept_41,account_analytic_kmitl.activity_09007010115,account_analytic_kmitl.fund_0500,
budget_move_line_393_76679bd5,budget_move_7_b2d06ca9,budget.budget_account_5104010214,498400,account_analytic_kmitl.source_2,account_analytic_kmitl.dept_41,account_analytic_kmitl.activity_09007010116,account_analytic_kmitl.fund_0703,
budget_move_line_394_785a523f,budget_move_7_b2d06ca9,budget.budget_account_5104010285,150000,account_analytic_kmitl.source_2,account_analytic_kmitl.dept_41,account_analytic_kmitl.activity_09007010116,account_analytic_kmitl.fund_0703,
budget_move_line_395_0d266bc5,budget_move_7_b2d06ca9,budget.budget_account_5102010000,150000,account_analytic_kmitl.source_2,account_analytic_kmitl.dept_41,account_analytic_kmitl.activity_09007010116,account_analytic_kmitl.fund_0703,
budget_move_line_416_085dd8fd,budget_move_7_b2d06ca9,budget.budget_account_5102020000,150000,account_analytic_kmitl.source_2,account_analytic_kmitl.dept_41,account_analytic_kmitl.activity_09007010116,account_analytic_kmitl.fund_0703,
budget_move_line_417_e9b74745,budget_move_7_b2d06ca9,budget.budget_account_5107010021,450000,account_analytic_kmitl.source_2,account_analytic_kmitl.dept_41,account_analytic_kmitl.activity_09007010116,account_analytic_kmitl.fund_0703,
budget_move_line_418_d99d3b23,budget_move_7_b2d06ca9,budget.budget_account_5107010501,321300,account_analytic_kmitl.source_2,account_analytic_kmitl.dept_41,account_analytic_kmitl.activity_09007010116,account_analytic_kmitl.fund_0705,
budget_move_line_419_6cfbb627,budget_move_7_b2d06ca9,budget.budget_account_5104030201,27000,account_analytic_kmitl.source_2,account_analytic_kmitl.dept_41,account_analytic_kmitl.activity_09007010118,account_analytic_kmitl.fund_0200,
budget_move_line_420_387450cc,budget_move_7_b2d06ca9,budget.budget_account_5104010214,30000,account_analytic_kmitl.source_2,account_analytic_kmitl.dept_41,account_analytic_kmitl.activity_09007010118,account_analytic_kmitl.fund_0200,
budget_move_line_421_73f99051,budget_move_7_b2d06ca9,budget.budget_account_5104010210,50000,account_analytic_kmitl.source_2,account_analytic_kmitl.dept_41,account_analytic_kmitl.activity_09007010118,account_analytic_kmitl.fund_0200,
budget_move_line_422_09ca9bb7,budget_move_7_b2d06ca9,budget.budget_account_5104030101,550000,account_analytic_kmitl.source_2,account_analytic_kmitl.dept_41,account_analytic_kmitl.activity_09007010118,account_analytic_kmitl.fund_0200,
budget_move_line_423_ae241802,budget_move_7_b2d06ca9,budget.budget_account_5101020024,400000,account_analytic_kmitl.source_2,account_analytic_kmitl.dept_41,account_analytic_kmitl.activity_09007010119,account_analytic_kmitl.fund_0200,
budget_move_line_424_3d2d61f0,budget_move_7_b2d06ca9,budget.budget_account_5101020115,90000,account_analytic_kmitl.source_2,account_analytic_kmitl.dept_41,account_analytic_kmitl.activity_09007010119,account_analytic_kmitl.fund_0200,
budget_move_line_437_c2647cb2,budget_move_7_b2d06ca9,budget.budget_account_5101020012,4150000,account_analytic_kmitl.source_2,account_analytic_kmitl.dept_41,account_analytic_kmitl.activity_09007010233211,account_analytic_kmitl.fund_0200,
budget_move_line_438_8742e165,budget_move_7_b2d06ca9,budget.budget_account_5101020011,250000,account_analytic_kmitl.source_2,account_analytic_kmitl.dept_41,account_analytic_kmitl.activity_09007010233211,account_analytic_kmitl.fund_0200,
budget_move_line_439_8f6c196b,budget_move_7_b2d06ca9,budget.budget_account_5101020018,950000,account_analytic_kmitl.source_2,account_analytic_kmitl.dept_41,account_analytic_kmitl.activity_09007010233211,account_analytic_kmitl.fund_0200,
budget_move_line_486_41459405,budget_move_7_b2d06ca9,budget.budget_account_5104010291,10000,account_analytic_kmitl.source_2,account_analytic_kmitl.dept_41,account_analytic_kmitl.activity_09007010233211,account_analytic_kmitl.fund_0200,
budget_move_line_487_a7e3fe4d,budget_move_7_b2d06ca9,budget.budget_account_5104010101,400000,account_analytic_kmitl.source_2,account_analytic_kmitl.dept_41,account_analytic_kmitl.activity_09007010233211,account_analytic_kmitl.fund_0200,
budget_move_line_488_14b71a16,budget_move_7_b2d06ca9,budget.budget_account_5101020013,500000,account_analytic_kmitl.source_2,account_analytic_kmitl.dept_41,account_analytic_kmitl.activity_09007010233212,account_analytic_kmitl.fund_0200,
budget_move_line_489_c7d1291f,budget_move_7_b2d06ca9,budget.budget_account_5101020023,50000,account_analytic_kmitl.source_2,account_analytic_kmitl.dept_41,account_analytic_kmitl.activity_09007010233212,account_analytic_kmitl.fund_0200,
budget_move_line_490_525c4bf0,budget_move_7_b2d06ca9,budget.budget_account_5101020011,50000,account_analytic_kmitl.source_2,account_analytic_kmitl.dept_41,account_analytic_kmitl.activity_09007010233212,account_analytic_kmitl.fund_0200,
budget_move_line_491_5651f23a,budget_move_7_b2d06ca9,budget.budget_account_5101020018,120000,account_analytic_kmitl.source_2,account_analytic_kmitl.dept_41,account_analytic_kmitl.activity_09007010233212,account_analytic_kmitl.fund_0200,
budget_move_line_492_e3b2349c,budget_move_7_b2d06ca9,budget.budget_account_5107010501,330000,account_analytic_kmitl.source_2,account_analytic_kmitl.dept_41,account_analytic_kmitl.activity_090100201,account_analytic_kmitl.fund_0705,
budget_move_line_493_34f7fd84,budget_move_7_b2d06ca9,budget.budget_account_5108000019,50000,account_analytic_kmitl.source_2,account_analytic_kmitl.dept_41,account_analytic_kmitl.activity_090100201,account_analytic_kmitl.fund_0400,
budget_move_line_494_2365a61e,budget_move_7_b2d06ca9,budget.budget_account_5108000019,80000,account_analytic_kmitl.source_2,account_analytic_kmitl.dept_41,account_analytic_kmitl.activity_090110301,account_analytic_kmitl.fund_0701,
budget_move_line_495_4dcd97eb,budget_move_7_b2d06ca9,budget.budget_account_5107010202,600000,account_analytic_kmitl.source_2,account_analytic_kmitl.dept_41,account_analytic_kmitl.activity_060040401,account_analytic_kmitl.fund_0300,
budget_move_line_515_feeaf553,budget_move_7_b2d06ca9,budget.budget_account_5104030203,30000,account_analytic_kmitl.source_2,account_analytic_kmitl.dept_41,account_analytic_kmitl.activity_09007010110,account_analytic_kmitl.fund_0100,
budget_move_line_543_7073df3b,budget_move_7_b2d06ca9,budget.budget_account_5103020000,210000,account_analytic_kmitl.source_2,account_analytic_kmitl.dept_41,account_analytic_kmitl.activity_09007010116,account_analytic_kmitl.fund_0703,
budget_move_line_137_a6e5b635,budget_move_12_0ba4d7c2,budget.budget_account_5101010004,1360800,account_analytic_kmitl.source_2,account_analytic_kmitl.dept_40,account_analytic_kmitl.activity_09007010110,account_analytic_kmitl.fund_0100,
budget_move_line_138_28b22c59,budget_move_12_0ba4d7c2,budget.budget_account_5101010017,1540700,account_analytic_kmitl.source_2,account_analytic_kmitl.dept_40,account_analytic_kmitl.activity_09007010110,account_analytic_kmitl.fund_0100,
budget_move_line_139_c9e4af6a,budget_move_12_0ba4d7c2,budget.budget_account_5101010038,5764900,account_analytic_kmitl.source_2,account_analytic_kmitl.dept_40,account_analytic_kmitl.activity_09007010110,account_analytic_kmitl.fund_0100,
budget_move_line_140_fba45f0d,budget_move_12_0ba4d7c2,budget.budget_account_5101010039,144000,account_analytic_kmitl.source_2,account_analytic_kmitl.dept_40,account_analytic_kmitl.activity_09007010110,account_analytic_kmitl.fund_0100,
budget_move_line_141_1bd884df,budget_move_12_0ba4d7c2,budget.budget_account_5101010040,265700,account_analytic_kmitl.source_2,account_analytic_kmitl.dept_40,account_analytic_kmitl.activity_09007010110,account_analytic_kmitl.fund_0100,
budget_move_line_142_77d95e10,budget_move_12_0ba4d7c2,budget.budget_account_5101020045,1456800,account_analytic_kmitl.source_2,account_analytic_kmitl.dept_40,account_analytic_kmitl.activity_09007010110,account_analytic_kmitl.fund_0100,
budget_move_line_143_c650cd70,budget_move_12_0ba4d7c2,budget.budget_account_5101020045,0,account_analytic_kmitl.source_2,account_analytic_kmitl.dept_40,account_analytic_kmitl.activity_09007010110,account_analytic_kmitl.fund_0100,
budget_move_line_144_6ea6e962,budget_move_12_0ba4d7c2,budget.budget_account_5101030245,126500,account_analytic_kmitl.source_2,account_analytic_kmitl.dept_40,account_analytic_kmitl.activity_09007010110,account_analytic_kmitl.fund_0100,"สมทบกองทุนสวัสดิการค่าตอบแทนและสิธประโยชน์(พนักงานเงินรายได้) 107,900 บาท\nสมทบกองทุนสวัสดิการค่าตอบแทนและสิธประโยชน์(พนักงานประเภทพื้นฐาน) 18,600 บาท"
budget_move_line_145_f7ea1fe2,budget_move_12_0ba4d7c2,budget.budget_account_5101010010,70000,account_analytic_kmitl.source_2,account_analytic_kmitl.dept_40,account_analytic_kmitl.activity_09007010110,account_analytic_kmitl.fund_0100,
budget_move_line_168_c86f3d1a,budget_move_12_0ba4d7c2,budget.budget_account_5101020030,50000,account_analytic_kmitl.source_2,account_analytic_kmitl.dept_40,account_analytic_kmitl.activity_09007010110,account_analytic_kmitl.fund_0100,
budget_move_line_169_5e7745c0,budget_move_12_0ba4d7c2,budget.budget_account_5104030201,50000,account_analytic_kmitl.source_2,account_analytic_kmitl.dept_40,account_analytic_kmitl.activity_09007010110,account_analytic_kmitl.fund_0100,
budget_move_line_197_4f77d119,budget_move_12_0ba4d7c2,budget.budget_account_5104010201,15000,account_analytic_kmitl.source_2,account_analytic_kmitl.dept_40,account_analytic_kmitl.activity_09007010110,account_analytic_kmitl.fund_0100,
budget_move_line_199_0185c205,budget_move_12_0ba4d7c2,budget.budget_account_5104010202,100000,account_analytic_kmitl.source_2,account_analytic_kmitl.dept_40,account_analytic_kmitl.activity_09007010110,account_analytic_kmitl.fund_0100,
budget_move_line_205_ad886bc6,budget_move_12_0ba4d7c2,budget.budget_account_5104010203,1000000,account_analytic_kmitl.source_2,account_analytic_kmitl.dept_40,account_analytic_kmitl.activity_09007010110,account_analytic_kmitl.fund_0100,
budget_move_line_220_650e247e,budget_move_12_0ba4d7c2,budget.budget_account_5104010203,3600000,account_analytic_kmitl.source_2,account_analytic_kmitl.dept_40,account_analytic_kmitl.activity_09007010110,account_analytic_kmitl.fund_0100,แม่บ้าน/รปภ
budget_move_line_298_a33e2ae5,budget_move_12_0ba4d7c2,budget.budget_account_5104010207,10000,account_analytic_kmitl.source_2,account_analytic_kmitl.dept_40,account_analytic_kmitl.activity_09007010110,account_analytic_kmitl.fund_0100,
budget_move_line_329_ca2727ec,budget_move_12_0ba4d7c2,budget.budget_account_5104010208,50000,account_analytic_kmitl.source_2,account_analytic_kmitl.dept_40,account_analytic_kmitl.activity_09007010110,account_analytic_kmitl.fund_0100,
budget_move_line_347_2b0e705d,budget_move_12_0ba4d7c2,budget.budget_account_5104010209,50000,account_analytic_kmitl.source_2,account_analytic_kmitl.dept_40,account_analytic_kmitl.activity_09007010110,account_analytic_kmitl.fund_0100,
budget_move_line_355_8600439d,budget_move_12_0ba4d7c2,budget.budget_account_5104010211,20000,account_analytic_kmitl.source_2,account_analytic_kmitl.dept_40,account_analytic_kmitl.activity_09007010110,account_analytic_kmitl.fund_0100,
budget_move_line_371_c4c5be47,budget_move_12_0ba4d7c2,budget.budget_account_5104010298,5000,account_analytic_kmitl.source_2,account_analytic_kmitl.dept_40,account_analytic_kmitl.activity_09007010110,account_analytic_kmitl.fund_0100,
budget_move_line_390_db192cf8,budget_move_12_0ba4d7c2,budget.budget_account_5104010212,10000,account_analytic_kmitl.source_2,account_analytic_kmitl.dept_40,account_analytic_kmitl.activity_09007010110,account_analytic_kmitl.fund_0100,
budget_move_line_405_a8af56b6,budget_move_12_0ba4d7c2,budget.budget_account_5104030203,150000,account_analytic_kmitl.source_2,account_analytic_kmitl.dept_40,account_analytic_kmitl.activity_09007010110,account_analytic_kmitl.fund_0100,
budget_move_line_407_d1a1cd32,budget_move_12_0ba4d7c2,budget.budget_account_5104010101,200000,account_analytic_kmitl.source_2,account_analytic_kmitl.dept_40,account_analytic_kmitl.activity_09007010110,account_analytic_kmitl.fund_0100,
budget_move_line_409_c81866e5,budget_move_12_0ba4d7c2,budget.budget_account_5104010102,50000,account_analytic_kmitl.source_2,account_analytic_kmitl.dept_40,account_analytic_kmitl.activity_09007010110,account_analytic_kmitl.fund_0100,
budget_move_line_414_51f4b07f,budget_move_12_0ba4d7c2,budget.budget_account_5104010104,20000,account_analytic_kmitl.source_2,account_analytic_kmitl.dept_40,account_analytic_kmitl.activity_09007010110,account_analytic_kmitl.fund_0100,
budget_move_line_426_f67b5d00,budget_move_12_0ba4d7c2,budget.budget_account_5104010105,20000,account_analytic_kmitl.source_2,account_analytic_kmitl.dept_40,account_analytic_kmitl.activity_09007010110,account_analytic_kmitl.fund_0100,
budget_move_line_432_8bcf8cf6,budget_move_12_0ba4d7c2,budget.budget_account_5104010107,20000,account_analytic_kmitl.source_2,account_analytic_kmitl.dept_40,account_analytic_kmitl.activity_09007010110,account_analytic_kmitl.fund_0100,
budget_move_line_434_1bfcab55,budget_move_12_0ba4d7c2,budget.budget_account_5104010108,20000,account_analytic_kmitl.source_2,account_analytic_kmitl.dept_40,account_analytic_kmitl.activity_09007010110,account_analytic_kmitl.fund_0100,
budget_move_line_446_f1accbfb,budget_move_12_0ba4d7c2,budget.budget_account_5104010110,10000,account_analytic_kmitl.source_2,account_analytic_kmitl.dept_40,account_analytic_kmitl.activity_09007010110,account_analytic_kmitl.fund_0100,
budget_move_line_459_bb3f552f,budget_move_12_0ba4d7c2,budget.budget_account_5104010111,30000,account_analytic_kmitl.source_2,account_analytic_kmitl.dept_40,account_analytic_kmitl.activity_09007010110,account_analytic_kmitl.fund_0100,
budget_move_line_461_d77033ef,budget_move_12_0ba4d7c2,budget.budget_account_5104010112,20000,account_analytic_kmitl.source_2,account_analytic_kmitl.dept_40,account_analytic_kmitl.activity_09007010110,account_analytic_kmitl.fund_0100,
budget_move_line_468_91f99d83,budget_move_12_0ba4d7c2,budget.budget_account_5104010114,50000,account_analytic_kmitl.source_2,account_analytic_kmitl.dept_40,account_analytic_kmitl.activity_09007010110,account_analytic_kmitl.fund_0100,
budget_move_line_470_78c3993b,budget_move_12_0ba4d7c2,budget.budget_account_5104010115,10000,account_analytic_kmitl.source_2,account_analytic_kmitl.dept_40,account_analytic_kmitl.activity_09007010110,account_analytic_kmitl.fund_0100,
budget_move_line_472_5c21ca82,budget_move_12_0ba4d7c2,budget.budget_account_5104010198,10000,account_analytic_kmitl.source_2,account_analytic_kmitl.dept_40,account_analytic_kmitl.activity_09007010110,account_analytic_kmitl.fund_0100,
budget_move_line_484_d3a3fa42,budget_move_12_0ba4d7c2,budget.budget_account_5104020001,1000000,account_analytic_kmitl.source_2,account_analytic_kmitl.dept_40,account_analytic_kmitl.activity_09007010110,account_analytic_kmitl.fund_0100,
budget_move_line_497_6cd02bff,budget_move_12_0ba4d7c2,budget.budget_account_5104020003,607900,account_analytic_kmitl.source_2,account_analytic_kmitl.dept_40,account_analytic_kmitl.activity_09007010110,account_analytic_kmitl.fund_0100,
budget_move_line_504_81d073af,budget_move_12_0ba4d7c2,budget.budget_account_5104020005,10000,account_analytic_kmitl.source_2,account_analytic_kmitl.dept_40,account_analytic_kmitl.activity_09007010110,account_analytic_kmitl.fund_0100,
budget_move_line_506_819ab081,budget_move_12_0ba4d7c2,budget.budget_account_5104020006,10000,account_analytic_kmitl.source_2,account_analytic_kmitl.dept_40,account_analytic_kmitl.activity_09007010110,account_analytic_kmitl.fund_0100,
budget_move_line_508_9707e912,budget_move_12_0ba4d7c2,budget.budget_account_5104020008,10000,account_analytic_kmitl.source_2,account_analytic_kmitl.dept_40,account_analytic_kmitl.activity_09007010110,account_analytic_kmitl.fund_0100,
budget_move_line_517_38697920,budget_move_12_0ba4d7c2,budget.budget_account_5104020099,10000,account_analytic_kmitl.source_2,account_analytic_kmitl.dept_40,account_analytic_kmitl.activity_09007010110,account_analytic_kmitl.fund_0100,
budget_move_line_541_61defe10,budget_move_12_0ba4d7c2,budget.budget_account_5107010044,60000,account_analytic_kmitl.source_2,account_analytic_kmitl.dept_40,account_analytic_kmitl.activity_09007010110,account_analytic_kmitl.fund_0100,
budget_move_line_555_27406796,budget_move_12_0ba4d7c2,budget.budget_account_5108000004,40000,account_analytic_kmitl.source_2,account_analytic_kmitl.dept_40,account_analytic_kmitl.activity_09007010110,account_analytic_kmitl.fund_0100,
budget_move_line_565_752850ad,budget_move_12_0ba4d7c2,budget.budget_account_5108000010,25000,account_analytic_kmitl.source_2,account_analytic_kmitl.dept_40,account_analytic_kmitl.activity_09007010110,account_analytic_kmitl.fund_0100,
budget_move_line_567_18ab91f7,budget_move_12_0ba4d7c2,budget.budget_account_5108000013,10000,account_analytic_kmitl.source_2,account_analytic_kmitl.dept_40,account_analytic_kmitl.activity_09007010110,account_analytic_kmitl.fund_0100,
budget_move_line_569_11a2fc98,budget_move_12_0ba4d7c2,budget.budget_account_5108000024,950000,account_analytic_kmitl.source_2,account_analytic_kmitl.dept_40,account_analytic_kmitl.activity_09007010110,account_analytic_kmitl.fund_0100,
budget_move_line_588_1f84e31d,budget_move_12_0ba4d7c2,budget.budget_account_5104010204,743500,account_analytic_kmitl.source_2,account_analytic_kmitl.dept_40,account_analytic_kmitl.activity_09007010110,account_analytic_kmitl.fund_0600,MA ร้อยละ 2
budget_move_line_596_e5540f70,budget_move_12_0ba4d7c2,budget.budget_account_5104010205,20000,account_analytic_kmitl.source_2,account_analytic_kmitl.dept_40,account_analytic_kmitl.activity_09007010110,account_analytic_kmitl.fund_0600,
budget_move_line_606_fa54213a,budget_move_12_0ba4d7c2,budget.budget_account_5104010206,743500,account_analytic_kmitl.source_2,account_analytic_kmitl.dept_40,account_analytic_kmitl.activity_09007010110,account_analytic_kmitl.fund_0600,
budget_move_line_608_c7423289,budget_move_12_0ba4d7c2,budget.budget_account_5104010106,50000,account_analytic_kmitl.source_2,account_analytic_kmitl.dept_40,account_analytic_kmitl.activity_09007010110,account_analytic_kmitl.fund_0600,
budget_move_line_617_54ad970d,budget_move_12_0ba4d7c2,budget.budget_account_5104010113,10000,account_analytic_kmitl.source_2,account_analytic_kmitl.dept_40,account_analytic_kmitl.activity_09007010110,account_analytic_kmitl.fund_0600,
budget_move_line_619_29ac9b14,budget_move_12_0ba4d7c2,budget.budget_account_5411000004,50000,account_analytic_kmitl.source_2,account_analytic_kmitl.dept_40,account_analytic_kmitl.activity_09007010110,account_analytic_kmitl.fund_0600,
budget_move_line_623_2e2ed497,budget_move_12_0ba4d7c2,budget.budget_account_5411000004,2230400,account_analytic_kmitl.source_2,account_analytic_kmitl.dept_40,account_analytic_kmitl.activity_09007010110,account_analytic_kmitl.fund_0600,"สิ่งก่อสร้าง (งานปรับปรุง/ที่ดิน/อาคารเรียน  จำนวน 50,000 บาท\nMA ร้อยละ 4   จำนวน 1,486,900 บาท\nMA ร้อยละ 2  จำนวน  743,500 บาท"
budget_move_line_627_f91aed7d,budget_move_12_0ba4d7c2,budget.budget_account_5412000002,400000,account_analytic_kmitl.source_2,account_analytic_kmitl.dept_40,account_analytic_kmitl.activity_09007010110,account_analytic_kmitl.fund_0600,
budget_move_line_629_fe781f0e,budget_move_12_0ba4d7c2,budget.budget_account_5412000003,600000,account_analytic_kmitl.source_2,account_analytic_kmitl.dept_40,account_analytic_kmitl.activity_09007010110,account_analytic_kmitl.fund_0600,
budget_move_line_631_1b97e006,budget_move_12_0ba4d7c2,budget.budget_account_5412000013,150000,account_analytic_kmitl.source_2,account_analytic_kmitl.dept_40,account_analytic_kmitl.activity_09007010110,account_analytic_kmitl.fund_0600,
budget_move_line_633_fb398a85,budget_move_12_0ba4d7c2,budget.budget_account_5414000001,100000,account_analytic_kmitl.source_2,account_analytic_kmitl.dept_40,account_analytic_kmitl.activity_09007010110,account_analytic_kmitl.fund_0600,
budget_move_line_650_2cad20bf,budget_move_12_0ba4d7c2,budget.budget_account_0702000002,6559800,account_analytic_kmitl.source_2,account_analytic_kmitl.dept_40,account_analytic_kmitl.activity_09007010110,account_analytic_kmitl.fund_0702,"เงินสำรอง 15% (ใช้ได้ 10%= 4,373,150 บาท"
budget_move_line_657_db834e11,budget_move_12_0ba4d7c2,budget.budget_account_5101020019,40000,account_analytic_kmitl.source_2,account_analytic_kmitl.dept_40,account_analytic_kmitl.activity_09007010111,account_analytic_kmitl.fund_0100,
budget_move_line_721_59c57694,budget_move_12_0ba4d7c2,budget.budget_account_5108000008,20000,account_analytic_kmitl.source_2,account_analytic_kmitl.dept_40,account_analytic_kmitl.activity_09007010111,account_analytic_kmitl.fund_0100,
budget_move_line_724_98f74787,budget_move_12_0ba4d7c2,budget.budget_account_5104010291,1300000,account_analytic_kmitl.source_2,account_analytic_kmitl.dept_40,account_analytic_kmitl.activity_09007010113,account_analytic_kmitl.fund_0100,
budget_move_line_726_7a43c40e,budget_move_12_0ba4d7c2,budget.budget_account_5104010109,50000,account_analytic_kmitl.source_2,account_analytic_kmitl.dept_40,account_analytic_kmitl.activity_09007010113,account_analytic_kmitl.fund_0100,
budget_move_line_728_292f8a3a,budget_move_12_0ba4d7c2,budget.budget_account_5107010022,400000,account_analytic_kmitl.source_2,account_analytic_kmitl.dept_40,account_analytic_kmitl.activity_09007010114,account_analytic_kmitl.fund_0200,
budget_move_line_732_4bf2c82c,budget_move_12_0ba4d7c2,budget.budget_account_5101020037,100000,account_analytic_kmitl.source_2,account_analytic_kmitl.dept_40,account_analytic_kmitl.activity_09007010115,account_analytic_kmitl.fund_0500,
budget_move_line_734_40d5cbcd,budget_move_12_0ba4d7c2,budget.budget_account_5108000018,700000,account_analytic_kmitl.source_2,account_analytic_kmitl.dept_40,account_analytic_kmitl.activity_09007010115,account_analytic_kmitl.fund_0500,
budget_move_line_736_7a03ac19,budget_move_12_0ba4d7c2,budget.budget_account_5108000019,302000,account_analytic_kmitl.source_2,account_analytic_kmitl.dept_40,account_analytic_kmitl.activity_09007010115,account_analytic_kmitl.fund_0500,"โครงการสนับสนุนการทดสอบภาษาอังกฤษสำหรับนักบิน\nกิจกรรม IAAI Open Ho\nกิจกรรมแสดงความยินดีบัณฑิต\nกิจกรรมปฐมนิเทศนักศึกษาใหม่ ปีการศึกษา 2568"
budget_move_line_738_d7d35eb0,budget_move_12_0ba4d7c2,budget.budget_account_5108000023,800000,account_analytic_kmitl.source_2,account_analytic_kmitl.dept_40,account_analytic_kmitl.activity_09007010115,account_analytic_kmitl.fund_0500,
budget_move_line_752_e5b5abe8,budget_move_12_0ba4d7c2,budget.budget_account_5107010501,676000,account_analytic_kmitl.source_2,account_analytic_kmitl.dept_40,account_analytic_kmitl.activity_09007010115,account_analytic_kmitl.fund_0705,
budget_move_line_754_9475f62d,budget_move_12_0ba4d7c2,budget.budget_account_5101010010,10000,account_analytic_kmitl.source_2,account_analytic_kmitl.dept_40,account_analytic_kmitl.activity_09007010116,account_analytic_kmitl.fund_0703,
budget_move_line_756_97d83f49,budget_move_12_0ba4d7c2,budget.budget_account_5104010285,200000,account_analytic_kmitl.source_2,account_analytic_kmitl.dept_40,account_analytic_kmitl.activity_09007010116,account_analytic_kmitl.fund_0703,
budget_move_line_758_ab860b7e,budget_move_12_0ba4d7c2,budget.budget_account_5104030203,50000,account_analytic_kmitl.source_2,account_analytic_kmitl.dept_40,account_analytic_kmitl.activity_09007010116,account_analytic_kmitl.fund_0703,
budget_move_line_769_967e4ea9,budget_move_12_0ba4d7c2,budget.budget_account_5102010000,200000,account_analytic_kmitl.source_2,account_analytic_kmitl.dept_40,account_analytic_kmitl.activity_09007010116,account_analytic_kmitl.fund_0703,
budget_move_line_771_8fd6421d,budget_move_12_0ba4d7c2,budget.budget_account_5102020000,400000,account_analytic_kmitl.source_2,account_analytic_kmitl.dept_40,account_analytic_kmitl.activity_09007010116,account_analytic_kmitl.fund_0703,
budget_move_line_786_38d8e76e,budget_move_12_0ba4d7c2,budget.budget_account_5103010000,400000,account_analytic_kmitl.source_2,account_analytic_kmitl.dept_40,account_analytic_kmitl.activity_09007010116,account_analytic_kmitl.fund_0703,
budget_move_line_835_6b6d31b8,budget_move_12_0ba4d7c2,budget.budget_account_5103020000,1300000,account_analytic_kmitl.source_2,account_analytic_kmitl.dept_40,account_analytic_kmitl.activity_09007010116,account_analytic_kmitl.fund_0703,
budget_move_line_837_d3122540,budget_move_12_0ba4d7c2,budget.budget_account_5104010214,250000,account_analytic_kmitl.source_2,account_analytic_kmitl.dept_40,account_analytic_kmitl.activity_09007010116,account_analytic_kmitl.fund_0703,
budget_move_line_839_16235797,budget_move_12_0ba4d7c2,budget.budget_account_5107010021,400000,account_analytic_kmitl.source_2,account_analytic_kmitl.dept_40,account_analytic_kmitl.activity_09007010116,account_analytic_kmitl.fund_0703,
budget_move_line_855_9e9952b0,budget_move_12_0ba4d7c2,budget.budget_account_5107010501,1000000,account_analytic_kmitl.source_2,account_analytic_kmitl.dept_40,account_analytic_kmitl.activity_09007010116,account_analytic_kmitl.fund_0705,โครงการจัดประชุมวิชาการระดับนานาชาติ
budget_move_line_867_bb602112,budget_move_12_0ba4d7c2,budget.budget_account_5104030201,30000,account_analytic_kmitl.source_2,account_analytic_kmitl.dept_40,account_analytic_kmitl.activity_09007010118,account_analytic_kmitl.fund_0200,
budget_move_line_869_868c9dfe,budget_move_12_0ba4d7c2,budget.budget_account_5104030101,800000,account_analytic_kmitl.source_2,account_analytic_kmitl.dept_40,account_analytic_kmitl.activity_09007010118,account_analytic_kmitl.fund_0200,
budget_move_line_871_92c55fce,budget_move_12_0ba4d7c2,budget.budget_account_5108000019,284000,account_analytic_kmitl.source_2,account_analytic_kmitl.dept_40,account_analytic_kmitl.activity_09007010118,account_analytic_kmitl.fund_0200,
budget_move_line_886_10254f6a,budget_move_12_0ba4d7c2,budget.budget_account_5101020011,20000,account_analytic_kmitl.source_2,account_analytic_kmitl.dept_40,account_analytic_kmitl.activity_09007010232,account_analytic_kmitl.fund_0200,
budget_move_line_888_ece7ad6f,budget_move_12_0ba4d7c2,budget.budget_account_5101020012,1400000,account_analytic_kmitl.source_2,account_analytic_kmitl.dept_40,account_analytic_kmitl.activity_09007010232,account_analytic_kmitl.fund_0200,
budget_move_line_892_9ef3fae7,budget_move_12_0ba4d7c2,budget.budget_account_5104010103,500000,account_analytic_kmitl.source_2,account_analytic_kmitl.dept_40,account_analytic_kmitl.activity_09007010232,account_analytic_kmitl.fund_0200,
budget_move_line_894_af41bc0d,budget_move_12_0ba4d7c2,budget.budget_account_5412000004,200000,account_analytic_kmitl.source_2,account_analytic_kmitl.dept_40,account_analytic_kmitl.activity_09007010232,account_analytic_kmitl.fund_0600,
budget_move_line_896_570500e7,budget_move_12_0ba4d7c2,budget.budget_account_5107010501,20000,account_analytic_kmitl.source_2,account_analytic_kmitl.dept_40,account_analytic_kmitl.activity_090100201,account_analytic_kmitl.fund_0705,
budget_move_line_898_d8189385,budget_move_12_0ba4d7c2,budget.budget_account_5107010091,70000,account_analytic_kmitl.source_2,account_analytic_kmitl.dept_40,account_analytic_kmitl.activity_090110301,account_analytic_kmitl.fund_0701,
budget_move_line_900_0529949a,budget_move_12_0ba4d7c2,budget.budget_account_5107010202,1000000,account_analytic_kmitl.source_2,account_analytic_kmitl.dept_40,account_analytic_kmitl.activity_06004040142,account_analytic_kmitl.fund_0300,
budget_move_line_905_9f33ebb4,budget_move_12_0ba4d7c2,budget.budget_account_5412000014,100000,account_analytic_kmitl.source_2,account_analytic_kmitl.dept_40,account_analytic_kmitl.activity_09007010110,account_analytic_kmitl.fund_0600,
budget_move_line_907_2329fbd5,budget_move_12_0ba4d7c2,budget.budget_account_5104010201,20000,account_analytic_kmitl.source_2,account_analytic_kmitl.dept_40,account_analytic_kmitl.activity_09007010116,account_analytic_kmitl.fund_0703,
budget_move_line_100_9c0d1bba,budget_move_9_14149906,budget.budget_account_5101010038,2669800,account_analytic_kmitl.source_2,account_analytic_kmitl.dept_06,account_analytic_kmitl.activity_09007010110,account_analytic_kmitl.fund_0100,
budget_move_line_101_e6c66f85,budget_move_9_14149906,budget.budget_account_5101010004,1905600,account_analytic_kmitl.source_2,account_analytic_kmitl.dept_06,account_analytic_kmitl.activity_09007010110,account_analytic_kmitl.fund_0100,
budget_move_line_102_dd6a73c7,budget_move_9_14149906,budget.budget_account_5101010017,2247400,account_analytic_kmitl.source_2,account_analytic_kmitl.dept_06,account_analytic_kmitl.activity_09007010110,account_analytic_kmitl.fund_0100,"อัตราใหม่ 1 อัตรา  393,100\nอัตราเดิม 5 อัตรา  1,749,200\nเงินเพิ่มค่าจ้าง  6 %   105,100"
budget_move_line_114_07719e20,budget_move_9_14149906,budget.budget_account_5101020051,157600,account_analytic_kmitl.source_2,account_analytic_kmitl.dept_06,account_analytic_kmitl.activity_09007010110,account_analytic_kmitl.fund_0100,
budget_move_line_115_b53fc9bb,budget_move_9_14149906,budget.budget_account_5101020045,450200,account_analytic_kmitl.source_2,account_analytic_kmitl.dept_06,account_analytic_kmitl.activity_09007010110,account_analytic_kmitl.fund_0100,
budget_move_line_116_e79a398e,budget_move_9_14149906,budget.budget_account_5101020045,534000,account_analytic_kmitl.source_2,account_analytic_kmitl.dept_06,account_analytic_kmitl.activity_09007010110,account_analytic_kmitl.fund_0100,
budget_move_line_133_31286413,budget_move_9_14149906,budget.budget_account_5101010010,300000,account_analytic_kmitl.source_2,account_analytic_kmitl.dept_06,account_analytic_kmitl.activity_09007010110,account_analytic_kmitl.fund_0100,
budget_move_line_134_eacf65bf,budget_move_9_14149906,budget.budget_account_5104030201,40000,account_analytic_kmitl.source_2,account_analytic_kmitl.dept_06,account_analytic_kmitl.activity_09007010110,account_analytic_kmitl.fund_0100,
budget_move_line_135_d298733c,budget_move_9_14149906,budget.budget_account_5101020030,100000,account_analytic_kmitl.source_2,account_analytic_kmitl.dept_06,account_analytic_kmitl.activity_09007010110,account_analytic_kmitl.fund_0100,
budget_move_line_159_4a9e6b28,budget_move_9_14149906,budget.budget_account_5104010202,200000,account_analytic_kmitl.source_2,account_analytic_kmitl.dept_06,account_analytic_kmitl.activity_09007010110,account_analytic_kmitl.fund_0100,
budget_move_line_160_6b9b37fc,budget_move_9_14149906,budget.budget_account_5104010203,6000000,account_analytic_kmitl.source_2,account_analytic_kmitl.dept_06,account_analytic_kmitl.activity_09007010110,account_analytic_kmitl.fund_0100,
budget_move_line_191_afbc2a59,budget_move_9_14149906,budget.budget_account_5104010208,200000,account_analytic_kmitl.source_2,account_analytic_kmitl.dept_06,account_analytic_kmitl.activity_09007010110,account_analytic_kmitl.fund_0100,
budget_move_line_201_e2d143d2,budget_move_9_14149906,budget.budget_account_5104030203,150000,account_analytic_kmitl.source_2,account_analytic_kmitl.dept_06,account_analytic_kmitl.activity_09007010110,account_analytic_kmitl.fund_0100,
budget_move_line_222_c6229c7b,budget_move_9_14149906,budget.budget_account_5104010201,40000,account_analytic_kmitl.source_2,account_analytic_kmitl.dept_06,account_analytic_kmitl.activity_09007010110,account_analytic_kmitl.fund_0100,
budget_move_line_223_60c64bb9,budget_move_9_14149906,budget.budget_account_5103010000,100000,account_analytic_kmitl.source_2,account_analytic_kmitl.dept_06,account_analytic_kmitl.activity_09007010110,account_analytic_kmitl.fund_0100,
budget_move_line_224_05e1b20e,budget_move_9_14149906,budget.budget_account_5104030100,200000,account_analytic_kmitl.source_2,account_analytic_kmitl.dept_06,account_analytic_kmitl.activity_09007010110,account_analytic_kmitl.fund_0100,
budget_move_line_225_b553e5b6,budget_move_9_14149906,budget.budget_account_5104010101,250000,account_analytic_kmitl.source_2,account_analytic_kmitl.dept_06,account_analytic_kmitl.activity_09007010110,account_analytic_kmitl.fund_0100,
budget_move_line_226_0f827fa5,budget_move_9_14149906,budget.budget_account_5104010102,50000,account_analytic_kmitl.source_2,account_analytic_kmitl.dept_06,account_analytic_kmitl.activity_09007010110,account_analytic_kmitl.fund_0100,
budget_move_line_302_3fd7281c,budget_move_9_14149906,budget.budget_account_5104010105,50000,account_analytic_kmitl.source_2,account_analytic_kmitl.dept_06,account_analytic_kmitl.activity_09007010110,account_analytic_kmitl.fund_0100,
budget_move_line_303_d2a44a9c,budget_move_9_14149906,budget.budget_account_5104010106,25000,account_analytic_kmitl.source_2,account_analytic_kmitl.dept_06,account_analytic_kmitl.activity_09007010110,account_analytic_kmitl.fund_0100,
budget_move_line_304_1b915378,budget_move_9_14149906,budget.budget_account_5104010109,50000,account_analytic_kmitl.source_2,account_analytic_kmitl.dept_06,account_analytic_kmitl.activity_09007010110,account_analytic_kmitl.fund_0100,
budget_move_line_305_5fa28a7a,budget_move_9_14149906,budget.budget_account_5104010111,50000,account_analytic_kmitl.source_2,account_analytic_kmitl.dept_06,account_analytic_kmitl.activity_09007010110,account_analytic_kmitl.fund_0100,
budget_move_line_306_5aa4cb86,budget_move_9_14149906,budget.budget_account_5104010112,25000,account_analytic_kmitl.source_2,account_analytic_kmitl.dept_06,account_analytic_kmitl.activity_09007010110,account_analytic_kmitl.fund_0100,
budget_move_line_319_e852c23f,budget_move_9_14149906,budget.budget_account_5104010114,50000,account_analytic_kmitl.source_2,account_analytic_kmitl.dept_06,account_analytic_kmitl.activity_09007010110,account_analytic_kmitl.fund_0100,
budget_move_line_320_33042a38,budget_move_9_14149906,budget.budget_account_5104020001,3300000,account_analytic_kmitl.source_2,account_analytic_kmitl.dept_06,account_analytic_kmitl.activity_09007010110,account_analytic_kmitl.fund_0100,
budget_move_line_321_77d777a5,budget_move_9_14149906,budget.budget_account_5104020003,150000,account_analytic_kmitl.source_2,account_analytic_kmitl.dept_06,account_analytic_kmitl.activity_09007010110,account_analytic_kmitl.fund_0100,
budget_move_line_322_1d143166,budget_move_9_14149906,budget.budget_account_5104020005,40000,account_analytic_kmitl.source_2,account_analytic_kmitl.dept_06,account_analytic_kmitl.activity_09007010110,account_analytic_kmitl.fund_0100,
budget_move_line_323_ff08463c,budget_move_9_14149906,budget.budget_account_5104020008,10000,account_analytic_kmitl.source_2,account_analytic_kmitl.dept_06,account_analytic_kmitl.activity_09007010110,account_analytic_kmitl.fund_0100,
budget_move_line_324_b4217750,budget_move_9_14149906,budget.budget_account_5107010045,100000,account_analytic_kmitl.source_2,account_analytic_kmitl.dept_06,account_analytic_kmitl.activity_09007010110,account_analytic_kmitl.fund_0100,
budget_move_line_398_41374557,budget_move_9_14149906,budget.budget_account_5108000020,314800,account_analytic_kmitl.source_2,account_analytic_kmitl.dept_06,account_analytic_kmitl.activity_09007010110,account_analytic_kmitl.fund_0100,
budget_move_line_399_bd894382,budget_move_9_14149906,budget.budget_account_5108000024,300000,account_analytic_kmitl.source_2,account_analytic_kmitl.dept_06,account_analytic_kmitl.activity_09007010110,account_analytic_kmitl.fund_0100,
budget_move_line_400_692ea029,budget_move_9_14149906,budget.budget_account_5104010204,150000,account_analytic_kmitl.source_2,account_analytic_kmitl.dept_06,account_analytic_kmitl.activity_09007010110,account_analytic_kmitl.fund_0600,
budget_move_line_401_0dea4250,budget_move_9_14149906,budget.budget_account_5104010205,50000,account_analytic_kmitl.source_2,account_analytic_kmitl.dept_06,account_analytic_kmitl.activity_09007010110,account_analytic_kmitl.fund_0600,
budget_move_line_402_8b8fc107,budget_move_9_14149906,budget.budget_account_5104010206,1000000,account_analytic_kmitl.source_2,account_analytic_kmitl.dept_06,account_analytic_kmitl.activity_09007010110,account_analytic_kmitl.fund_0600,
budget_move_line_403_a4505435,budget_move_9_14149906,budget.budget_account_5411000004,3600000,account_analytic_kmitl.source_2,account_analytic_kmitl.dept_06,account_analytic_kmitl.activity_09007010110,account_analytic_kmitl.fund_0600,
budget_move_line_428_c832d3fd,budget_move_9_14149906,budget.budget_account_5412000002,1000000,account_analytic_kmitl.source_2,account_analytic_kmitl.dept_06,account_analytic_kmitl.activity_09007010110,account_analytic_kmitl.fund_0600,
budget_move_line_429_c288c4f9,budget_move_9_14149906,budget.budget_account_0702000002,9736400,account_analytic_kmitl.source_2,account_analytic_kmitl.dept_06,account_analytic_kmitl.activity_09007010110,account_analytic_kmitl.fund_0702,"เงินสำรองจ่าย ร้อยละ 15  (8,113,700)\nเงินสำรองจ่าย เกินกว่าร้อยละ 15 เท่ากับร้อยละ 3 (1,622,700)"
budget_move_line_430_b7f51941,budget_move_9_14149906,budget.budget_account_5101020019,250000,account_analytic_kmitl.source_2,account_analytic_kmitl.dept_06,account_analytic_kmitl.activity_09007010111,account_analytic_kmitl.fund_0100,
budget_move_line_474_9b85a4bd,budget_move_9_14149906,budget.budget_account_5108000008,100000,account_analytic_kmitl.source_2,account_analytic_kmitl.dept_06,account_analytic_kmitl.activity_09007010111,account_analytic_kmitl.fund_0100,
budget_move_line_475_025dd43e,budget_move_9_14149906,budget.budget_account_5108000037,100000,account_analytic_kmitl.source_2,account_analytic_kmitl.dept_06,account_analytic_kmitl.activity_09007010111,account_analytic_kmitl.fund_0100,
budget_move_line_476_3e15ea34,budget_move_9_14149906,budget.budget_account_5104010291,30000,account_analytic_kmitl.source_2,account_analytic_kmitl.dept_06,account_analytic_kmitl.activity_09007010113,account_analytic_kmitl.fund_0100,
budget_move_line_477_37de8cf4,budget_move_9_14149906,budget.budget_account_5107010022,300000,account_analytic_kmitl.source_2,account_analytic_kmitl.dept_06,account_analytic_kmitl.activity_09007010114,account_analytic_kmitl.fund_0200,
budget_move_line_478_6241081d,budget_move_9_14149906,budget.budget_account_5108000018,1084000,account_analytic_kmitl.source_2,account_analytic_kmitl.dept_06,account_analytic_kmitl.activity_09007010115,account_analytic_kmitl.fund_0500,
budget_move_line_479_2ed7aa3f,budget_move_9_14149906,budget.budget_account_5108000023,356100,account_analytic_kmitl.source_2,account_analytic_kmitl.dept_06,account_analytic_kmitl.activity_09007010115,account_analytic_kmitl.fund_0500,
budget_move_line_480_6520c0f3,budget_move_9_14149906,budget.budget_account_5107010501,328000,account_analytic_kmitl.source_2,account_analytic_kmitl.dept_06,account_analytic_kmitl.activity_09007010115,account_analytic_kmitl.fund_0705,
budget_move_line_481_d7dd39cd,budget_move_9_14149906,budget.budget_account_5102010000,200000,account_analytic_kmitl.source_2,account_analytic_kmitl.dept_06,account_analytic_kmitl.activity_09007010116,account_analytic_kmitl.fund_0703,
budget_move_line_482_40a74d1a,budget_move_9_14149906,budget.budget_account_5103010000,800000,account_analytic_kmitl.source_2,account_analytic_kmitl.dept_06,account_analytic_kmitl.activity_09007010116,account_analytic_kmitl.fund_0703,
budget_move_line_500_eb2a27b9,budget_move_9_14149906,budget.budget_account_5103020000,500000,account_analytic_kmitl.source_2,account_analytic_kmitl.dept_06,account_analytic_kmitl.activity_09007010116,account_analytic_kmitl.fund_0703,
budget_move_line_501_dddfe582,budget_move_9_14149906,budget.budget_account_5104010214,153000,account_analytic_kmitl.source_2,account_analytic_kmitl.dept_06,account_analytic_kmitl.activity_09007010116,account_analytic_kmitl.fund_0703,
budget_move_line_502_66cfe223,budget_move_9_14149906,budget.budget_account_5104010285,700000,account_analytic_kmitl.source_2,account_analytic_kmitl.dept_06,account_analytic_kmitl.activity_09007010116,account_analytic_kmitl.fund_0703,
budget_move_line_512_6c81689d,budget_move_9_14149906,budget.budget_account_5107010021,1000000,account_analytic_kmitl.source_2,account_analytic_kmitl.dept_06,account_analytic_kmitl.activity_09007010116,account_analytic_kmitl.fund_0703,
budget_move_line_513_b732c264,budget_move_9_14149906,budget.budget_account_5107010501,850000,account_analytic_kmitl.source_2,account_analytic_kmitl.dept_06,account_analytic_kmitl.activity_09007010116,account_analytic_kmitl.fund_0705,
budget_move_line_557_f551fa48,budget_move_9_14149906,budget.budget_account_5101020114,350000,account_analytic_kmitl.source_2,account_analytic_kmitl.dept_06,account_analytic_kmitl.activity_09007010118,account_analytic_kmitl.fund_0200,
budget_move_line_558_2fc03ed9,budget_move_9_14149906,budget.budget_account_5101020011,100000,account_analytic_kmitl.source_2,account_analytic_kmitl.dept_06,account_analytic_kmitl.activity_09007010225211,account_analytic_kmitl.fund_0200,
budget_move_line_559_6a4b419d,budget_move_9_14149906,budget.budget_account_5101020012,2000000,account_analytic_kmitl.source_2,account_analytic_kmitl.dept_06,account_analytic_kmitl.activity_09007010225211,account_analytic_kmitl.fund_0200,
budget_move_line_560_3422f47b,budget_move_9_14149906,budget.budget_account_5101020037,800000,account_analytic_kmitl.source_2,account_analytic_kmitl.dept_06,account_analytic_kmitl.activity_09007010225211,account_analytic_kmitl.fund_0200,
budget_move_line_561_402abcf5,budget_move_9_14149906,budget.budget_account_5104010203,100000,account_analytic_kmitl.source_2,account_analytic_kmitl.dept_06,account_analytic_kmitl.activity_09007010225211,account_analytic_kmitl.fund_0200,
budget_move_line_562_c22b347b,budget_move_9_14149906,budget.budget_account_5104010207,100000,account_analytic_kmitl.source_2,account_analytic_kmitl.dept_06,account_analytic_kmitl.activity_09007010225211,account_analytic_kmitl.fund_0200,
budget_move_line_563_206e899c,budget_move_9_14149906,budget.budget_account_5104010103,500000,account_analytic_kmitl.source_2,account_analytic_kmitl.dept_06,account_analytic_kmitl.activity_09007010225211,account_analytic_kmitl.fund_0200,
budget_move_line_582_2ca91920,budget_move_9_14149906,budget.budget_account_5412000003,4000000,account_analytic_kmitl.source_2,account_analytic_kmitl.dept_06,account_analytic_kmitl.activity_09007010225211,account_analytic_kmitl.fund_0600,
budget_move_line_583_1938adb6,budget_move_9_14149906,budget.budget_account_5101020013,1500000,account_analytic_kmitl.source_2,account_analytic_kmitl.dept_06,account_analytic_kmitl.activity_09007010225212,account_analytic_kmitl.fund_0200,
budget_move_line_584_04707b49,budget_move_9_14149906,budget.budget_account_5101020018,100000,account_analytic_kmitl.source_2,account_analytic_kmitl.dept_06,account_analytic_kmitl.activity_09007010225212,account_analytic_kmitl.fund_0200,
budget_move_line_585_333a266b,budget_move_9_14149906,budget.budget_account_5101020023,700000,account_analytic_kmitl.source_2,account_analytic_kmitl.dept_06,account_analytic_kmitl.activity_09007010225212,account_analytic_kmitl.fund_0200,
budget_move_line_586_6ac91aeb,budget_move_9_14149906,budget.budget_account_5101020021,100000,account_analytic_kmitl.source_2,account_analytic_kmitl.dept_06,account_analytic_kmitl.activity_09007010225212,account_analytic_kmitl.fund_0200,
budget_move_line_598_1ed98b25,budget_move_9_14149906,budget.budget_account_5101020104,50000,account_analytic_kmitl.source_2,account_analytic_kmitl.dept_06,account_analytic_kmitl.activity_09010,account_analytic_kmitl.fund_0400,
budget_move_line_599_b6b4f7ab,budget_move_9_14149906,budget.budget_account_5104010203,100000,account_analytic_kmitl.source_2,account_analytic_kmitl.dept_06,account_analytic_kmitl.activity_09010,account_analytic_kmitl.fund_0400,
budget_move_line_600_20fd54f1,budget_move_9_14149906,budget.budget_account_5104010101,299700,account_analytic_kmitl.source_2,account_analytic_kmitl.dept_06,account_analytic_kmitl.activity_09010,account_analytic_kmitl.fund_0400,
budget_move_line_601_8fe454f7,budget_move_9_14149906,budget.budget_account_5108000019,327000,account_analytic_kmitl.source_2,account_analytic_kmitl.dept_06,account_analytic_kmitl.activity_09010,account_analytic_kmitl.fund_0400,
budget_move_line_602_869e6074,budget_move_9_14149906,budget.budget_account_5108000019,80000,account_analytic_kmitl.source_2,account_analytic_kmitl.dept_06,account_analytic_kmitl.activity_090110301,account_analytic_kmitl.fund_0701,
budget_move_line_603_e6e87977,budget_move_9_14149906,budget.budget_account_5107030003,387700,account_analytic_kmitl.source_2,account_analytic_kmitl.dept_06,account_analytic_kmitl.activity_06004,account_analytic_kmitl.fund_0300,
budget_move_line_604_8746d630,budget_move_9_14149906,budget.budget_account_5107010201,100000,account_analytic_kmitl.source_2,account_analytic_kmitl.dept_06,account_analytic_kmitl.activity_06004,account_analytic_kmitl.fund_0300,
budget_move_line_625_2f2f40c5,budget_move_9_14149906,budget.budget_account_5104010104,50000,account_analytic_kmitl.source_2,account_analytic_kmitl.dept_06,account_analytic_kmitl.activity_09007010110,account_analytic_kmitl.fund_0100,
